product_name,unit_price,price_tier
Bush Somerset Collection Bookcase,261.96,Budget
"Hon Deluxe Fabric Upholstered Stacking Chairs, Rounded Back",731.94,Budget
Self-Adhesive Address Labels for Typewriters by Universal,14.62,Budget
Bretford CR4500 Series Slim Rectangular Table,957.5775,Budget
Eldon Fold 'N Roll Cart System,22.368,Budget
"Eldon Expressions Wood and Plastic Desk Accessories, Cherry Wood",48.86,Budget
Newell 322,7.28,Budget
Mitel 5320 IP Phone VoIP phone,907.152,Budget
DXL Angle-View Binders with Locking Rings by Samsill,18.504,Budget
Belkin F5C206VTEL 6 Outlet Surge,114.9,Budget
Chromcraft Rectangular Conference Tables,1706.184,Mid-Range
Konftel 250 ConferenceÂ phoneÂ - Charcoal black,911.424,Budget
Xerox 1967,15.552,Budget
Fellowes PB200 Plastic Comb Binding Machine,407.976,Budget
"Holmes Replacement Filter for HEPA Air Cleaner, Very Large Room, HEPA Filter",68.81,Budget
Storex DuraTech Recycled Plastic Frosted Binders,2.544,Budget
"Stur-D-Stor Shelving, Vertical 5-Shelf: 72""H x 36""W x 18 1/2""D",665.88,Budget
Fellowes Super Stor/Drawer,55.5,Budget
Newell 341,8.56,Budget
Cisco SPA 501G IP Phone,213.48,Budget
"Wilson Jones Hanging View Binder, White, 1""",22.72,Budget
Newell 318,19.46,Budget
"Acco Six-Outlet Power Strip, 4' Cord Length",60.34,Budget
"Global Deluxe Stacking Chair, Gray",71.372,Budget
Wilson Jones Active Use Binders,11.648,Budget
ImationÂ 8GB Mini TravelDrive USB 2.0Â Flash Drive,90.57,Budget
"Riverside Palais Royal Lawyers Bookcase, Royale Cherry Finish",3083.43,Premium
Avery Recycled Flexi-View Covers for Binding Systems,9.618,Budget
"Howard Miller 13-3/4"" Diameter Brushed Chrome Round Wall Clock",124.2,Budget
Poly String Tie Envelopes,3.264,Budget
"BOSTON Model 1800 Electric Pencil Sharpeners, Putty/Woodgrain",86.304,Budget
"Acco Pressboard Covers with Storage Hooks, 14 7/8"" x 11"", Executive Red",6.858,Budget
Lumber Crayons,15.76,Budget
Easy-staple paper,29.472,Budget
GE 30524EE4,1097.544,Mid-Range
"Electrix Architect's Clamp-On Swing Arm Lamp, Black",190.92,Budget
"#10-4 1/8"" x 9 1/2"" Premium Diagonal Seam Envelopes",113.328,Budget
"Atlantic Metals Mobile 3-Shelf Bookcases, Custom Colors",532.3992,Budget
"Global Fabric Manager's Chair, Dark Gray",212.058,Budget
Plantronics HL10 Handset Lifter,371.168,Budget
Panasonic Kx-TS550,147.168,Budget
"Eldon Base for stackable storage shelf, platinum",77.88,Budget
"Advantus 10-Drawer Portable Organizer, Chrome Metal Frame, Smoke Drawers",95.616,Budget
"Verbatim 25 GB 6x Blu-ray Single Layer Recordable Disc, 25/Pack",45.98,Budget
Wilson Jones Leather-Like Binders with DublLock Round Rings,17.46,Budget
"Gould Plastics 9-Pocket Panel Bin, 18-3/8w x 5-1/4d x 20-1/2h, Black",211.96,Budget
ImationÂ 8gb Micro Traveldrive Usb 2.0Â Flash Drive,45,Budget
"LF Elite 3D Dazzle Designer Hard Case Cover, Lf Stylus Pen and Wiper For Apple Iphone 5c Mini Lite",21.8,Budget
"C-Line Peel & Stick Add-On Filing Pockets, 8-3/4 x 5-1/8, 10/Pack",38.22,Budget
Avery 485,75.18,Budget
Longer-Life Soft White Bulbs,6.16,Budget
"Global Leather Task Chair, Black",89.99,Budget
Advantus Push Pins,15.26,Budget
AT&T CL83451 4-Handset Telephone,1029.95,Mid-Range
Home/Office Personal File Carts,208.56,Budget
Xerox 232,32.4,Budget
Novimex Turbo Task Chair,319.41,Budget
"Array Parchment Paper, Assorted Colors",14.56,Budget
Plastic Binding Combs,48.48,Budget
Prang Dustless Chalk Sticks,1.68,Budget
"Verbatim 25 GB 6x Blu-ray Single Layer Recordable Disc, 3/Pack",13.98,Budget
"Acco PRESSTEX Data Binder with Storage Hooks, Dark Blue, 14 7/8"" X 11""",25.824,Budget
Xerox 1943,146.73,Budget
Luxo Economy Swing Arm Lamp,79.76,Budget
"Global Value Mid-Back Manager's Chair, Gray",213.115,Budget
"Hunt BOSTON Model 1606 High-Volume Electric Pencil Sharpener, Beige",1113.024,Mid-Range
netTALK DUO VoIP Telephone Service,167.968,Budget
"Snap-A-Way Black Print Carbonless Ruled Speed Letter, Triplicate",75.88,Budget
Avery Binding System Hidden Tab Executive Style Index Sets,4.616,Budget
"Telephone Message Books with Fax/Mobile Section, 5 1/2"" x 3 3/16""",19.05,Budget
High-Back Leather Manager's Chair,831.936,Budget
"Tenex Traditional Chairmats for Medium Pile Carpet, Standard Lip, 36"" x 48""",97.04,Budget
Safco Industrial Wire Shelving System,72.784,Budget
Economy Binders,1.248,Budget
"6"" Cubicle Wall Clock, Black",9.708,Budget
"SimpliFile Personal File, Black Granite, 15w x 6-15/16d x 11-1/4h",27.24,Budget
"Eldon Expressions Desk Accessory, Wood Pencil Holder, Oak",19.3,Budget
"1.7 Cubic Foot Compact ""Cube"" Office Refrigerators",208.16,Budget
Avery Heavy-Duty EZD  Binder With Locking Rings,16.74,Budget
"Premium Writing Pencils, Soft, #2 by Central Association for the Blind",14.9,Budget
"Sortfiler Multipurpose Personal File Organizer, Black",21.39,Budget
Jet-Pak Recycled Peel 'N' Seal Padded Mailers,200.984,Budget
Safco Industrial Wire Shelving,230.376,Budget
Novimex Swivel Fabric Task Chair,301.96,Budget
LogitechÂ LS21 Speaker System - PC Multimedia - 2.1-CH - Wired,19.99,Budget
Avery 511,6.16,Budget
Eldon Portable Mobile Manager,158.368,Budget
Turquoise Lead Holder with Pocket Clip,20.1,Budget
Xerox 1995,6.48,Budget
Xerox 1999,12.96,Budget
"Seth Thomas 13 1/2"" Wall Clock",53.34,Budget
Ibico Standard Transparent Covers,32.96,Budget
Flexible Leather- Look Classic Collection Ring Binder,5.682,Budget
9-3/4 Diameter Round Wall Clock,96.53,Budget
Trimflex Flexible Post Binders,51.312,Budget
Fellowes Basic Home/Office Series Surge Protectors,77.88,Budget
Avery Personal Creations Heavyweight Cards,64.624,Budget
SanDisk Ultra 64 GB MicroSDHC Class 10 Memory Card,95.976,Budget
Avery Hidden Tab Dividers for Binding Systems,1.788,Budget
Universal Premium White Copier/Laser Paper (20Lb. and 87 Bright),23.92,Budget
Logitech K350 2.4Ghz Wireless Keyboard,238.896,Budget
"Deflect-o DuraMat Lighweight, Studded, Beveled Mat for Low Pile Carpeting",102.36,Budget
"Avery Trapezoid Ring Binder, 3"" Capacity, Black, 1040 sheets",36.882,Budget
Memorex Mini Travel Drive 8 GB USB 2.0 Flash Drive,74.112,Budget
Speck Products Candyshell Flip Case,27.992,Budget
Newell Chalk Holder,3.304,Budget
LogitechÂ Gaming G510s - Keyboard,339.96,Budget
Magnifier Swing Arm Lamp,41.96,Budget
"Hunt PowerHouse Electric Pencil Sharpener, Blue",75.96,Budget
"Avery Durable Plastic 1"" Binders",27.24,Budget
"OIC Colored Binder Clips, Assorted Sizes",40.096,Budget
"Redi-Strip #10 Envelopes, 4 1/8 x 9 1/2",4.72,Budget
Xerox 1921,23.976,Budget
"Tyvek  Top-Opening Peel & Seel Envelopes, Plain White",130.464,Budget
Hon Racetrack Conference Tables,787.53,Budget
GBC DocuBind 300 Electric Binding Machine,157.794,Budget
Artistic Insta-Plaque,47.04,Budget
"Companion Letter/Legal File, Black",226.56,Budget
Globe Weis Peel & Seel First Class Envelopes,115.02,Budget
KLD Oscar II Style Snap-on Ultra Thin Side Flip Synthetic Leather Cover Case for HTC One HTC M7,68.04,Budget
Global Deluxe High-Back Manager's Chair,600.558,Budget
Bevis 44 x 96 Conference Tables,617.7,Budget
"Avery Durable Slant Ring Binders, No Labels",2.388,Budget
"Trav-L-File Heavy-Duty Shuttle II, Black",243.992,Budget
Eldon Cleatmat Plus Chair Mats for High Pile Carpets,238.56,Budget
Anker 36W 4-Port USB Wall Charger Travel Power Adapter for iPhone 5s 5c 5,59.97,Budget
Xerox 1916,78.304,Budget
Staples,21.456,Budget
Xerox 195,20.04,Budget
Xerox 1880,35.44,Budget
"Sanford Colorific Colored Pencils, 12/Box",11.52,Budget
Ideal Clamps,4.02,Budget
GBC Wire Binding Strips,76.176,Budget
Fiskars Softgrip Scissors,65.88,Budget
Newell 343,8.82,Budget
Convenience Packs of Business Envelopes,10.86,Budget
Xerox 1911,143.7,Budget
Sanyo 2.5 Cubic Foot Mid-Size Office Refrigerators,839.43,Budget
"Seth Thomas 14"" Putty-Colored Wall Clock",93.888,Budget
Plantronics CordlessÂ Phone HeadsetÂ with In-line Volume - M214C,384.45,Budget
Anker Astro 15000mAh USB Portable Charger,149.97,Budget
GBC Prestige Therm-A-Bind Covers,171.55,Budget
Belkin 7 Outlet SurgeMaster Surge Protector with Phone Protection,157.92,Budget
Jabra BIZ 2300 Duo QD Duo CordedÂ Headset,203.184,Budget
Southworth 25% Cotton Antique Laid Paper & Envelopes,58.38,Budget
Xerox 1883,105.52,Budget
"Tenex Personal Project File with Scoop Front Design, Black",80.88,Budget
Newell 311,6.63,Budget
Avery 519,14.62,Budget
Avaya 5420 Digital phone,944.93,Budget
Xerox 1920,5.98,Budget
Lenovo 17-Key USB Numeric Keypad,54.384,Budget
Staple envelope,28.4,Budget
Wilson Jones International Size A4 Ring Binders,27.68,Budget
BIC Brite Liner Highlighters,9.936,Budget
Lexmark MX611dhe Monochrome Laser Printer,8159.952,Premium
Space Solutions HD Industrial Steel Shelving.,275.928,Budget
SAFCO Arco Folding Chair,1740.06,Mid-Range
Sanford Liquid Accent Highlighters,32.064,Budget
Kensington 7 Outlet MasterPiece Power Center,177.98,Budget
JBL Micro Wireless Portable Bluetooth Speaker,143.976,Budget
"Adams Phone Message Book, Professional, 400 Message Capacity, 5 3/6â? x 11â?",20.94,Budget
Xerox 1913,110.96,Budget
"Global Value Steno Chair, Gray",340.144,Budget
Kensington 7 Outlet MasterPiece HOMEOFFICE Power Control Center,52.448,Budget
Avery 51,20.16,Budget
"Acco 7-Outlet Masterpiece Power Center, Wihtout Fax/Phone Line Protection",97.264,Budget
"Padded Folding Chairs, Black, 4/Carton",396.802,Budget
Acme Rosewood Handle Letter Opener,15.88,Budget
"Sanford Colorific Eraseable Coloring Pencils, 12 Count",3.28,Budget
"Tenex File Box, Personal Filing Tote with Lid, Black",24.816,Budget
ImationÂ Secure+ Hardware Encrypted USB 2.0Â Flash Drive; 16GB,408.744,Budget
AT&T TR1909W,503.96,Budget
Nokia Lumia 521 (T-Mobile),149.95,Budget
HP Standard 104 key PS/2 Keyboard,29,Budget
Avery Poly Binder Pockets,7.16,Budget
SanDisk Ultra 32 GB MicroSDHC Class 10 Memory Card,176.8,Budget
"Personal Filing Tote with Lid, Black/Gray",37.224,Budget
"Atlantic Metals Mobile 4-Shelf Bookcases, Custom Colors",899.136,Budget
I Need's 3d Hello Kitty Hybrid Silicone Case Cover for HTC One X 4g with 3d Hello Kitty Stylus Pen Green/pink,71.76,Budget
Xerox 205,51.84,Budget
4009 Highlighters by Sanford,19.9,Budget
"Binney & Smith Crayola Metallic Colored Pencils, 8-Color Set",7.408,Budget
"Binney & Smith inkTank Erasable Desk Highlighter, Chisel Tip, Yellow, 12/Box",6.048,Budget
Decoflex Hanging Personal Folder File,46.26,Budget
"Pressboard Covers with Storage Hooks, 9 1/2"" x 11"", Light Blue",2.946,Budget
"Wirebound Message Books, 5-1/2 x 4 Forms, 2 or 4 Forms per Page",16.056,Budget
Southworth 25% Cotton Linen-Finish Paper & Envelopes,21.744,Budget
BoxOffice By Design Rectangular and Half-Moon Meeting Room Tables,218.75,Budget
"Bravo II Megaboss 12-Amp Hard Body Upright, Replacement Belts, 2 Belts per Pack",2.6,Budget
Eureka Sanitaire  Commercial Upright,66.284,Budget
"Eldon 200 Class Desk Accessories, Burgundy",35.168,Budget
Nortel Business Series Terminal T7208 Digital phone,444.768,Budget
"Tennsco Lockers, Gray",83.92,Budget
Panasonic KX-TG6844B Expandable Digital Cordless Telephone,131.98,Budget
"Advantus Push Pins, Aluminum Head",52.29,Budget
"Gould Plastics 18-Pocket Panel Bin, 34w x 5-1/4d x 20-1/2h",91.99,Budget
Memorex Micro Travel Drive 8 GB,20.8,Budget
Avery 505,23.68,Budget
O'Sullivan 2-Door Barrister Bookcase in Odessa Pine,452.45,Budget
Cisco 9971 IP Video Phone Charcoal,1188,Mid-Range
Sony Micro Vault Click 16 GB USB 2.0 Flash Drive,89.584,Budget
Adtran 1202752G1,302.376,Budget
OIC Bulk Pack Metal Binder Clips,5.584,Budget
"While You Were Out Pads, 50 per Pad, 4 x 5 1/4, Green Cycle",22.704,Budget
"Executive Impressions 14"" Two-Color Numerals Wall Clock",72.704,Budget
Swingline SM12-08 MicroCut Jam Free Shredder,479.988,Budget
Stanley Bostitch Contemporary Electric Pencil Sharpeners,27.168,Budget
"Sanford Uni-Blazer View Highlighters, Chisel Tip, Yellow",2.2,Budget
Bevis 36 x 72 Conference Tables,622.45,Budget
Rogers Deluxe File Chest,21.98,Budget
Global Low Back Tilter Chair,161.568,Budget
"Global Push Button Manager's Chair, Indigo",389.696,Budget
GBC Instant Index System for Binding Systems,18.648,Budget
Bush Advantage Collection Round Conference Table,233.86,Budget
Bretford Rectangular Conference Table Tops,620.6145,Budget
"Tenex Contemporary Contur Chairmats for Low and Medium Pile Carpet, Computer, 39"" x 49""",258.072,Budget
LogitechÂ P710e Mobile Speakerphone,617.976,Budget
Xerox 4200 Series MultiUse Premium Copy Paper (20Lb. and 84 Bright),10.56,Budget
Xerox 1957,25.92,Budget
Luxo Professional Fluorescent Magnifier Lamp with Clamp-Mount Base,419.68,Budget
Staple-based wall hangings,11.688,Budget
PureGear Roll-On Screen Protector,31.984,Budget
KI Conference Tables,177.225,Budget
Eldon 100 Class Desk Accessories,4.044,Budget
Safco Steel Mobile File Cart,166.72,Budget
"Adams Telephone Message Book w/Frequently-Called Numbers Space, 400 Messages per Book",47.88,Budget
Honeywell Enviracaire Portable HEPA Air Cleaner for 17' x 22' Room,1503.25,Mid-Range
"Global Leather Highback Executive Chair with Pneumatic Height Adjustment, Black",321.568,Budget
"Wirebound Message Books, Two 4 1/4"" x 5"" Forms per Page",7.61,Budget
"Fellowes Personal Hanging Folder Files, Navy",80.58,Budget
Tyvek Side-Opening Peel & Seel Expanding Envelopes,361.92,Budget
"Belkin 19"" Vented Equipment Shelf, Black",82.368,Budget
Logitech Mobile Speakerphone P710e -Â speaker phone,647.904,Budget
Sabrent 4-Port USB 2.0 Hub,20.37,Budget
Safco Industrial Shelving,221.55,Budget
Acco 3-Hole Punch,17.52,Budget
Eureka Disposable Bags for Sanitaire Vibra Groomer I Upright Vac,1.624,Budget
Xerox WorkCentre 6505DN Laser Multifunction Printer,2519.958,Mid-Range
Cisco Small Business SPA 502G VoIP phone,328.224,Budget
Microsoft Sculpt Comfort Mouse,79.9,Budget
"Quartet Omega Colored Chalk, 12/Pack",14.016,Budget
Bagged Rubber Bands,7.56,Budget
Safco Commercial Shelving,37.208,Budget
"Recycled Interoffice Envelopes with String and Button Closure, 10 x 13",57.576,Budget
Adjustable Depth Letter/Legal Cart,725.84,Budget
Logitech 910-002974 M325 Wireless Mouse for Web Scrolling,209.93,Budget
Regeneration Desk Collection,5.28,Budget
Presstex Flexible Ring Binders,10.92,Budget
"Ampad Gold Fibre Wirebound Steno Books, 6"" x 9"", Gregg Ruled",8.82,Budget
Newell 330,5.98,Budget
"Post-it â??Important Messageâ? Note Pad, Neon Colors, 50 Sheets/Pad",11.648,Budget
"Adams Write n' Stick Phone Message Book, 11"" X 5 1/4"", 200 Messages",18.176,Budget
Eldon Simplefile Box Office,59.712,Budget
Avery 489,24.84,Budget
Round Ring Binders,2.08,Budget
Bose SoundLink Bluetooth Speaker,1114.4,Mid-Range
"Bevis Round Bullnose 29"" High Table Top",1038.84,Mid-Range
Easy-staple paper,141.76,Budget
Microsoft Arc Touch Mouse,239.8,Budget
Xerox 216,31.104,Budget
GBC VeloBinder Electric Binding Machine,254.058,Budget
Premier Automatic Letter Opener,961.48,Budget
Advantus SlideClip Paper Clips,19.096,Budget
Avery 512,18.496,Budget
Logitech Wireless Gaming Headset G930,255.984,Budget
"Bush Westfield Collection Bookcases, Medium Cherry Finish",86.97,Budget
"Howard Miller 13"" Diameter Goldtone Round Wall Clock",300.416,Budget
Global Deluxe Office Fabric Chairs,230.352,Budget
Eldon ClusterMat Chair Mat with Cordless Antistatic Protection,218.352,Budget
Ibico Laser Imprintable Binding System Covers,78.6,Budget
"Vinyl Coated Wire Paper Clips in Organizer Box, 800/Box",27.552,Budget
Xerox 223,32.4,Budget
"Tennsco Stur-D-Stor Boltless Shelving, 5 Shelves, 24"" Deep, Sand",1082.48,Mid-Range
Xerox 1939,56.91,Budget
"Floodlight Indoor Halogen Bulbs, 1 Bulb per Pack, 60 Watts",77.6,Budget
Avery Premier Heavy-Duty Binder with Round Locking Rings,14.28,Budget
BPI Conference Tables,219.075,Budget
Electrix 20W Halogen Replacement Bulb for Zoom-In Desk Lamp,26.8,Budget
Newell 350,9.84,Budget
"GBC Clear Cover, 8-1/2 x 11, unpunched, 25 covers per pack",45.48,Budget
Boston Heavy-Duty Trimline Electric Pencil Sharpeners,289.2,Budget
Faber Castell Col-Erase Pencils,4.89,Budget
C-Line Cubicle Keepers Polyproplyene Holder With Velcro Backings,15.136,Budget
Hon 4070 Series Pagoda Armless Upholstered Stacking Chairs,466.768,Budget
"Eldon Expressions Desk Accessory, Wood Photo Frame, Mahogany",15.232,Budget
Avery 509,6.264,Budget
"Deflect-o SuperTray Unbreakable Stackable Tray, Letter, Black",87.54,Budget
AT&T 1070 Corded Phone,178.384,Budget
Xerox 21,15.552,Budget
"Boston School Pro Electric Pencil Sharpener, 1670",99.136,Budget
DMI Arturo Collection Mission-style Design Wood Chair,135.882,Budget
Canon imageCLASS MF7460 Monochrome Digital Laser Multifunction Copier,3991.98,Premium
NETGEAR N750 Dual Band Wi-Fi Gigabit Router,360,Budget
OIC Binder Clips,7.16,Budget
Logitech Wireless Headset h800,99.99,Budget
Telescoping Adjustable Floor Lamp,15.992,Budget
Aastra 57i VoIP phone,290.898,Budget
"File Shuttle II and Handi-File, Black",54.224,Budget
Hon 2090 â??Pillow Softâ? Series Mid Back Swivel/Tilt Chairs,786.744,Budget
Round Specialty Laser Printer Labels,100.24,Budget
GBC Premium Transparent Covers with Diagonal Lined Pattern,37.764,Budget
AT&T 841000 Phone,82.8,Budget
Ibico Recycled Grain-Textured Covers,20.724,Budget
Wilson Jones Custom Binder Spines & Labels,4.896,Budget
Storex Dura Pro Binders,4.752,Budget
Hewlett Packard LaserJet 3310 Copier,959.984,Budget
Avery Non-Stick Binders,14.368,Budget
Tuff Stuff Recycled Round Ring Binders,7.712,Budget
Hon 5100 Series Wood Tables,698.352,Budget
"OIC Binder Clips, Mini, 1/4"" Capacity, Black",4.96,Budget
Newell 314,17.856,Budget
"Square Credit Card Reader, 4 1/2"" x 4 1/2"" x 1"", White",71.928,Budget
"BIC Brite Liner Highlighters, Chisel Tip",12.96,Budget
Xerox 1881,24.56,Budget
Acco Hanging Data Binders,3.048,Budget
GBC DocuBind P400 Electric Binding System,4355.168,Premium
Sauder Barrister Bookcases,388.704,Budget
"#10 Gummed Flap White Envelopes, 100/Box",8.26,Budget
"Dixon Prang Watercolor Pencils, 10-Color Set with Brush",17.04,Budget
"Adams Phone Message Book, 200 Message Capacity, 8 1/16â? x 11â?",34.4,Budget
Belkin 8 Outlet SurgeMaster II Gold Surge Protector with Phone Protection,647.84,Budget
"Avery Address/Shipping Labels for Typewriters, 4"" x 2""",20.7,Budget
Global Ergonomic Managers Chair,488.646,Budget
Newell 333,5.56,Budget
Eldon Wave Desk Accessories,47.12,Budget
Wilson Jones â??Snapâ? Scratch Pad Binder Tool for Ring Binders,23.2,Budget
Staple remover,7.36,Budget
Pizazz Global Quick File,104.79,Budget
Xerox 1930,25.92,Budget
File Shuttle I and Handi-File,53.424,Budget
NETGEAR AC1750 Dual Band GigabitÂ Smart WiFi Router,1023.936,Mid-Range
Newell 324,9.24,Budget
Microsoft Natural Keyboard Elite,479.04,Budget
Xerox 1960,99.136,Budget
"Office Impressions End Table, 20-1/2""H x 24""W x 20""D",1488.424,Mid-Range
Holmes Odor Grabber,8.652,Budget
Akro-Mils 12-Gallon Tote,23.832,Budget
"GBC Twin Loop Wire Binding Elements, 9/16"" Spine, Black",12.176,Budget
Southworth Structures Collection,50.96,Budget
"Square Ring Data Binders, Rigid 75 Pt. Covers, 11"" x 14-7/8""",49.536,Budget
Sony 32GB Class 10 Micro SDHC R40 Memory Card,41.9,Budget
"Hon Practical Foundations 30 x 60 Training Table, Light Gray/Charcoal",375.4575,Budget
Logitech Media Keyboard K200,83.976,Budget
Lexmark MarkNet N8150 Wireless Print Server,482.34,Budget
3M Hangers With Command Adhesive,2.96,Budget
Crayola Colored Pencils,2.624,Budget
"Angle-D Binders with Locking Rings, Label Holders",23.36,Budget
Nortel Meridian M3904 Professional Digital phone,246.384,Budget
Canon PC1080F Personal Copier,1799.97,Mid-Range
Wilson Jones Century Plastic Molded Ring Binders,12.462,Budget
Tuf-Vin Binders,75.792,Budget
2300 Heavy-Duty Transfer File Systems by Perma,49.96,Budget
Xerox 1958,12.96,Budget
"Acme 10"" Easy Grip Assistive Scissors",70.12,Budget
Super Decoflex Portable Personal File,35.952,Budget
"Contico 72""H Heavy-Duty Storage System",131.136,Budget
Sony 64GB Class 10 Micro SDHC R40 Memory Card,57.584,Budget
Xerox 1974,9.568,Budget
"Avery Hi-Liter EverBold Pen Style Fluorescent Highlighters, 4/Pack",39.072,Budget
Staple holder,35.91,Budget
Sharp AL-1530CS Digital Copier,1199.976,Mid-Range
"Wirebound Message Book, 4 per Page",27.15,Budget
"Bevis Round Conference Table Top, X-Base",1004.024,Mid-Range
"Wirebound Service Call Books, 5 1/2"" x 4""",9.68,Budget
Self-Adhesive Removable Labels,28.35,Budget
O'Sullivan 4-Shelf Bookcase in Odessa Pine,1336.829,Mid-Range
Novimex High-Tech Fabric Mesh Task Chair,113.568,Budget
Xerox 191,139.86,Budget
Bulldog Vacuum Base Pencil Sharpener,95.92,Budget
Bevis Steel Folding Chairs,383.8,Budget
Xerox 1987,5.78,Budget
American Pencil,9.32,Budget
"White Envelopes, White Envelopes with Clear Poly Window",15.25,Budget
KeyTronicÂ 6101 Series -Â KeyboardÂ - Black,196.752,Budget
"Westinghouse Mesh Shade Clip-On Gooseneck Lamp, Black",56.56,Budget
Crate-A-Files,32.7,Budget
Hon Multipurpose Stacking Arm Chairs,866.4,Budget
Coloredge Poster Frame,28.4,Budget
GBC VeloBinder Manual Binding System,287.92,Budget
"Epson WorkForce WF-2530 All-in-One Printer, Copier Scanner",69.99,Budget
Design Ebony Sketching Pencil,6.672,Budget
GBC ProClick 150 Presentation Binding System,189.588,Budget
Woodgrain Magazine Files by Perma,4.768,Budget
Letter Size Cart,714.3,Budget
Insertable Tab Post Binder Dividers,4.812,Budget
Belkin QODE FastFit Bluetooth Keyboard,247.8,Budget
"Canon Color ImageCLASS MF8580Cdw Wireless Laser All-In-One Printer, Copier, Scanner",1007.979,Mid-Range
Xerox 1897,31.872,Budget
Global Deluxe Steno Chair,207.846,Budget
Aluminum Document Frame,12.22,Budget
Fellowes Bankers Box Staxonsteel Drawer File/Stacking System,194.94,Budget
Eldon Mobile Mega Data Cart  Mega Stackable  Add-On Trays,70.95,Budget
"Xerox Color Copier Paper, 11"" x 17"", Ream",91.36,Budget
Office Star - Ergonomically Designed Knee Chair,242.94,Budget
Avery 520,22.05,Budget
"GE General Purpose, Extra Long Life, Showcase & Floodlight Incandescent Bulbs",2.91,Budget
Newell 345,59.52,Budget
Fellowes Bankers Box Recycled Super Stor/Drawer,161.94,Budget
Boston 1645 Deluxe Heavier-Duty Electric Pencil Sharpener,263.88,Budget
50 Colored Long Pencils,30.48,Budget
Newell 342,9.84,Budget
Belkin Grip Candy Sheer Case / Cover for iPhone 5 and 5S,35.12,Budget
Deluxe Rollaway Locking File with Drawer,665.408,Budget
Memorex Mini Travel Drive 16 GB USB 2.0 Flash Drive,63.88,Budget
"Global Geo Office Task Chair, Gray",129.568,Budget
Hon 4700 Series Mobuis Mid-Back Task Chairs with Adjustable Arms,747.558,Budget
Staple envelope,8.928,Budget
3M Office Air Cleaner,103.92,Budget
Logitech G700s Rechargeable Gaming Mouse,899.91,Budget
Acco D-Ring Binder w/DublLock,51.312,Budget
Bush Advantage Collection Racetrack Conference Table,1272.63,Mid-Range
Poly Designer Cover & Back,28.485,Budget
Premier Electric Letter Opener,185.376,Budget
"Fellowes Premier Superior Surge Suppressor, 10-Outlet, With Phone and Remote",78.272,Budget
Bush Mission Pointe Library,205.3328,Budget
Cardinal Hold-It CD Pocket,4.788,Budget
"Eaton Premium Continuous-Feed Paper, 25% Cotton, Letter Size, White, 1000 Shts/Box",55.48,Budget
SAFCO Boltless Steel Shelving,340.92,Budget
"Sauder Mission Library with Doors, Fruitwood Finish",222.666,Budget
Samsung Galaxy Note 3,703.968,Budget
"Decoflex Hanging Personal Folder File, Blue",92.52,Budget
"Recycled Desk Saver Line ""While You Were Out"" Book, 5 1/2"" X 4""",62.65,Budget
Xerox 1912,94.85,Budget
Cisco SPA525G2 IP Phone - Wireless,95.76,Budget
Prang Colored Pencils,14.7,Budget
"Fellowes Strictly Business Drawer File, Letter/Legal Size",704.25,Budget
ImationÂ USB 2.0 SwivelÂ Flash DriveÂ USBÂ flash driveÂ - 4 GB - Pink,9.09,Budget
Logitech G602 Wireless Gaming Mouse,159.98,Budget
Alphabetical Labels for Top Tab Filing,29.6,Budget
O'Sullivan Living Dimensions 2-Shelf Bookcases,514.165,Budget
iHome FM Clock Radio with Lightning Dock,279.96,Budget
Apple iPhone 5S,2735.952,Mid-Range
Square Credit Card Reader,7.992,Budget
Logitech M510 Wireless Mouse,63.984,Budget
Fellowes Officeware Wire Shelving,449.15,Budget
Colored Envelopes,11.07,Budget
Sony Micro Vault Click 8 GB USB 2.0 Flash Drive,93.98,Budget
Balt Solid Wood Rectangular Table,189.882,Budget
"Strathmore #10 Envelopes, Ultimate White",105.42,Budget
Clear Mylar Reinforcing Strips,119.616,Budget
"Howard Miller 14-1/2"" Diameter Chrome Round Wall Clock",255.76,Budget
Deflect-O Glasstique Clear Desk Accessories,69.3,Budget
Vinyl Sectional Post Binders,22.62,Budget
GBC Standard Therm-A-Bind Covers,14.952,Budget
Global Troy Executive Leather Low-Back Tilter,801.568,Budget
Storex Flexible Poly Binders with Double Pockets,2.376,Budget
"White Dual Perf Computer Printout Paper, 2700 Sheets, 1 Part, Heavyweight, 20 lbs., 14 7/8 x 11",32.792,Budget
Rogers Handheld Barrel Pencil Sharpener,2.74,Budget
Newell 344,8.34,Budget
Fellowes PB500 Electric Punch Plastic Comb Binding Machine with Manual Bind,6354.95,Premium
Executive Impressions Supervisor Wall Clock,126.3,Budget
SanDisk Cruzer 32 GB USB Flash Drive,38.04,Budget
Newell 327,6.63,Budget
Newell 317,5.88,Budget
Canon Image Class D660 Copier,2999.95,Mid-Range
Advantus Rolling Storage Box,51.45,Budget
Great White Multi-Use Recycled Paper (20Lb. and 84 Bright),11.96,Budget
Tennsco Single-Tier Lockers,1126.02,Mid-Range
Carina Double Wide Media Storage Towers in Natural & Black,129.568,Budget
XtraLife ClearVue Slant-D Ring Binders by Cardinal,14.112,Budget
Motorola HK250 Universal Bluetooth Headset,55.176,Budget
Staples,22.2,Budget
Global Commerce Series High-Back Swivel/Tilt Chairs,683.952,Budget
Eldon Gobal File Keepers,36.336,Budget
Martin Yale Chadless Opener Electric Letter Opener,666.248,Budget
"White Business Envelopes with Contemporary Seam, Recycled White Business Envelopes",52.512,Budget
Safco Contoured Stacking Chairs,190.72,Budget
Tenex Chairmats For Use With Carpeted Floors,47.94,Budget
Panasonic KX-TG9471B,979.95,Budget
Sterilite Officeware Hinged File Box,16.768,Budget
"Premier Elliptical Ring Binder, Black",42.616,Budget
Cardinal Poly Pocket Divider Pockets for Ring Binders,10.752,Budget
Eureka The Boss Cordless Rechargeable Stick Vac,152.94,Budget
"Situations Contoured Folding Chairs, 4/Set",283.92,Budget
Enermax Aurora Lite Keyboard,468.9,Budget
LG Electronics Tone+ HBS-730 Bluetooth Headset,380.864,Budget
SanDisk Cruzer 64 GB USB Flash Drive,58.112,Budget
Xblue XB-1670-86 X16 SmallÂ Office TelephoneÂ - Titanium,100.792,Budget
"Deflect-o EconoMat Studded, No Bevel Mat for Low Pile Carpeting",66.112,Budget
Avery Printable Repositionable Plastic Tabs,41.28,Budget
Xerox 1898,13.36,Budget
Staple remover,8.72,Budget
HON 5400 Series Task Chairs for Big and Tall,1121.568,Mid-Range
"Howard Miller 11-1/2"" Diameter Grantwood Wall Clock",34.504,Budget
Advantus T-Pin Paper Clips,10.824,Budget
Tennsco 16-Compartment Lockers with Coat Rack,1295.78,Mid-Range
Zebra Zazzle Fluorescent Highlighters,19.456,Budget
Avery 473,20.7,Budget
Bretford â??Just In Timeâ? Height-Adjustable Multi-Task Work Tables,1335.68,Mid-Range
Xerox 226,32.4,Budget
"GBC Prepunched Paper, 19-Hole, for Binding Systems, 24-lb",84.056,Budget
"Sanitaire Vibra Groomer IR Commercial Upright Vacuum, Replacement Belts",13,Budget
Advantus Panel Wall Acrylic Frame,13.128,Budget
"Alliance Big Bands Rubber Bands, 12/Pack",3.96,Budget
Cisco SPA301,374.376,Budget
Personal Creations Ink Jet Cards and Labels,91.84,Budget
"GBC White Gloss Covers, Plain Front",81.088,Budget
Xerox 222,19.44,Budget
Hon Every-Day Series Multi-Task Chairs,451.152,Budget
Cush Cases Heavy Duty Rugged Cover Case for Samsung Galaxy S5 - Purple,14.85,Budget
Newell 332,8.82,Budget
Rediform S.O.S. Phone Message Books,19.92,Budget
Acme Value Line Scissors,7.3,Budget
"Contract Clock, 14"", Brown",8.792,Budget
Martin-Yale Premier Letter Opener,51.52,Budget
AT&T SB67148 SynJ,105.584,Budget
Recycled Pressboard Report Cover with Reinforced Top Hinge,6.783,Budget
"Dot Matrix Printer Tape Reel Labels, White, 5000/Box",294.93,Budget
i.Sound Portable Power - 8000 mAh,84.784,Budget
Xerox 225,20.736,Budget
Xerox 1894,10.368,Budget
Newell 312,9.344,Budget
Fellowes Superior 10 Outlet Split Surge Protector,76.12,Budget
Dana Halogen Swing-Arm Architect Lamp,327.76,Budget
Acme Stainless Steel Office Snips,11.632,Budget
Mophie Juice Pack Helium for iPhone,143.982,Budget
GE 2-Jack Phone Line Splitter,494.376,Budget
"Hot File 7-Pocket, Floor Stand",142.776,Budget
Xerox 1889,131.904,Budget
Angle-D Ring Binders,3.282,Budget
Motorola L804,55.188,Budget
Avery 493,15.712,Budget
Xerox 1972,8.448,Budget
Cisco 8x8 Inc. 6753i IP Business Phone System,728.946,Budget
Prestige Round Ring Binders,3.648,Budget
"DAX Metal Frame, Desktop, Stepped-Edge",40.48,Budget
"DAX Value U-Channel Document Frames, Easel Back",9.94,Budget
Recycled Easel Ring Binders,107.424,Budget
Grandstream GXP1160 VoIP phone,37.91,Budget
"Cardinal Slant-D Ring Binder, Heavy Gauge Vinyl",8.69,Budget
"Global Manager's Adjustable Task Chair, Storm",301.96,Budget
Honeywell Enviracaire Portable HEPA Air Cleaner for up to 10 x 16 Room,555.21,Budget
"Mini 13-1/2 Capacity Data Binder Rack, Pearl",523.48,Budget
"Master Caster Door Stop, Brown",35.56,Budget
Belkin Premiere Surge Master II 8-outlet surge protector,97.16,Budget
"Acco Pressboard Covers with Storage Hooks, 9 1/2"" x 11"", Executive Red",15.24,Budget
Tennsco Regal Shelving Units,243.384,Budget
ImationÂ 32GB Pocket Pro USB 3.0Â Flash DriveÂ - 32 GB - Black - 1 P ...,119.8,Budget
Jabra SPEAK 410,300.768,Budget
"Verbatim 25 GB 6x Blu-ray Single Layer Recordable Disc, 1/Pack",17.88,Budget
Office Star - Mesh Screen back chair with Vinyl seat,392.94,Budget
Premium Transparent Presentation Covers by GBC,18.882,Budget
Tripp Lite TLP810NET Broadband Surge for Modem/Fax,122.328,Budget
Wilson Jones Turn Tabs Binder Tool for Ring Binders,15.424,Budget
Eldon 200 Class Desk Accessories,18.84,Budget
Economy Rollaway Files,330.4,Budget
Avery 480,26.25,Budget
Xerox 1993,6.48,Budget
"Eureka The Boss Plus 12-Amp Hard Box Upright Vacuum, Red",209.3,Budget
Staples,31.56,Budget
Belkin F9H710-06 7 Outlet SurgeMaster Surge Protector,30.144,Budget
First Data FD10 PIN Pad,316,Budget
Sony 16GB Class 10 Micro SDHC R40 Memory Card,103.12,Budget
Tripp Lite Isotel 8 Ultra 8 Outlet Metal Surge,113.552,Budget
Avery Durable Poly Binders,3.318,Budget
Airmail Envelopes,134.288,Budget
Space Solutions Commercial Steel Shelving,724.08,Budget
Acme Tagit Stainless Steel Antibacterial Scissors,23.76,Budget
ClearOne Communications CHAT 70 OCÂ Speaker Phone,381.576,Budget
"Master Giant Foot Doorstop, Safety Yellow",30.36,Budget
12-1/2 Diameter Round Wall Clock,23.976,Budget
"Chromcraft Bull-Nose Wood Round Conference Table Top, Wood Base",108.925,Budget
Newell 331,19.56,Budget
Kensington 6 Outlet Guardian Standard Surge Protector,61.44,Budget
"Southworth 100% RÃ©sumÃ© Paper, 24lb.",38.9,Budget
Hoover Portapower Portable Vacuum,2.688,Budget
"Verbatim 25 GB 6x Blu-ray Single Layer Recordable Disc, 10/Pack",27.816,Budget
"Howard Miller 13-1/2"" Diameter Rosebrook Wall Clock",82.524,Budget
Ibico Hi-Tech Manual Binding System,182.994,Budget
Avery Hanging File Binders,14.352,Budget
Fellowes Neat Ideas Storage Cubes,64.96,Budget
Cubify CubeX 3D Printer Triple Head Print,7999.98,Premium
Avery 516,14.62,Budget
"Bush Andora Bookcase, Maple/Graphite Gray Finish",191.984,Budget
Luxo Professional Magnifying Clamp-On Fluorescent Lamps,104.01,Budget
Recycled Eldon Regeneration Jumbo File,36.84,Budget
Imation Bio 8GB USBÂ Flash Drive ImationÂ Corp,166.24,Budget
Xerox 1977,33.4,Budget
Avery 490,47.36,Budget
"Avery 4027 File Folder Labels for Dot Matrix Printers, 5000 Labels per Box, White",97.696,Budget
"Binney & Smith Crayola Metallic Crayons, 16-Color Pack",2.696,Budget
GBC Linen Binding Covers,18.588,Budget
"Tenex ""The Solids"" Textured Chair Mats",209.88,Budget
Laminate Occasional Tables,369.912,Budget
Xerox 220,10.368,Budget
Fellowes 8 Outlet Superior Workstation Surge Protector,166.84,Budget
O'Sullivan Living Dimensions 5-Shelf Bookcases,883.92,Budget
"#10- 4 1/8"" x 9 1/2"" Security-Tint Envelopes",24.448,Budget
Bionaire Personal Warm Mist Humidifier/Vaporizer,281.34,Budget
Logitech Wireless Performance Mouse MX for PC and Mac,299.97,Budget
Cardinal Holdit Business Card Pockets,19.92,Budget
"Howard Miller 13"" Diameter Pewter Finish Round Wall Clock",103.056,Budget
Tops Green Bar Computer Printout Paper,146.82,Budget
Chromcraft Bull-Nose Wood Oval Conference Tables & Bases,1652.94,Mid-Range
"Recycled Data-Pak for Archival Bound Computer Printouts, 12-1/2 x 12-1/2 x 16",296.37,Budget
"Seth Thomas 16"" Steel Case Clock",129.92,Budget
Acme Softgrip Scissors,45.584,Budget
"Manila Recycled Extra-Heavyweight Clasp Envelopes, 6"" x 9""",17.568,Budget
ClearSounds CSC500 Amplified Spirit Phone Corded phone,55.992,Budget
Xerox 1964,182.72,Budget
"Bevis Traditional Conference Table Top, Plinth Base",400.032,Budget
"Personal Folder Holder, Ebony",33.63,Budget
LogitechÂ Illuminated - Keyboard,179.97,Budget
O'Sullivan Cherrywood Estates Traditional Bookcase,84.98,Budget
Acco Translucent Poly Ring Binders,18.72,Budget
Logitech Wireless Touch Keyboard K400,49.98,Budget
Avery 508,11.784,Budget
GBC Standard Plastic Binding Systems Combs,3.54,Budget
Xerox 196,4.624,Budget
"Fiskars 8"" Scissors, 2/Pack",55.168,Budget
Belkin iPhone and iPad Lightning Cable,11.992,Budget
GBC Durable Plastic Covers,58.05,Budget
Nu-Dell Leatherette Frames,157.74,Budget
Avery Durable Binders,2.88,Budget
Hewlett Packard 610 Color Digital Copier / Printer,1199.976,Mid-Range
Chromcraft Round Conference Tables,383.438,Budget
Avery 476,12.39,Budget
Brown Kraft Recycled Envelopes,50.94,Budget
Plantronics S12 Corded Telephone Headset System,646.74,Budget
3-ring staple pack,5.64,Budget
Fellowes Stor/Drawer Steel Plus Storage Drawers,572.58,Budget
Electrix Halogen Magnifier Lamp,310.88,Budget
Hon 4070 Series Pagoda Round Back Stacking Chairs,641.96,Budget
Cardinal EasyOpen D-Ring Binders,18.28,Budget
GBC Instant Report Kit,32.35,Budget
Boston 19500 Mighty Mite Electric Pencil Sharpener,40.3,Budget
"C-Line Magnetic Cubicle Keepers, Clear Polypropylene",34.58,Budget
"Dixon My First Ticonderoga Pencil, #2",32.76,Budget
Hon GuestStacker Chair,544.008,Budget
Xerox 1927,4.28,Budget
"Safco Value Mate Series Steel Bookcases, Baked Enamel Finish on Steel, Gray",35.49,Budget
Microsoft Natural Ergonomic Keyboard 4000,47.984,Budget
Cameo Buff Policy Envelopes,186.69,Budget
Heavy-Duty E-Z-D Binders,17.456,Budget
"Lifetime Advantage Folding Chairs, 4/Carton",348.928,Budget
"Acco PRESSTEX Data Binder with Storage Hooks, Dark Blue, 9 1/2"" X 11""",43.04,Budget
Office Star - Contemporary Task Swivel Chair,332.94,Budget
Cisco Unified IP Phone 7945G VoIP phone,1363.96,Mid-Range
Avery 499,9.96,Budget
Xerox 1887,132.79,Budget
Smead Alpha-Z Color-Coded Second Alphabetical Labels and Starter Set,21.56,Budget
"Executive Impressions 14"" Contract Wall Clock",22.23,Budget
Belkin 7 Outlet SurgeMaster II,355.32,Budget
Xerox 218,12.96,Budget
"Eldon Stackable Tray, Side-Load, Legal, Smoke",18.28,Budget
Model L Table or Wall-Mount Pencil Sharpener,43.176,Budget
ClearOne CHATAttach 160 -Â speaker phone,1983.968,Mid-Range
"Kensington SlimBlade Notebook Wireless Mouse with Nano Receiver ",149.97,Budget
Newell 32,11.52,Budget
Belkin F9G930V10-GRY 9 Outlet Surge,213.92,Budget
Razer Tiamat Over Ear 7.1 Surround Sound PC Gaming Headset,1399.93,Mid-Range
Xerox 1968,5.344,Budget
Self-Adhesive Ring Binder Labels,3.168,Budget
Global Leather Executive Chair,1228.465,Mid-Range
GBC Recycled Grain Textured Covers,31.086,Budget
Xerox 1941,335.52,Budget
Razer Kraken PRO Over Ear PC and Music Headset,239.97,Budget
Kingston Digital DataTraveler 32GB USB 2.0,67.8,Budget
Advantus Plastic Paper Clips,35,Budget
Acme Forged Steel Scissors with Black Enamel Handles,37.24,Budget
Security-Tint Envelopes,15.28,Budget
"Global Airflow Leather Mesh Back Chair, Black",301.96,Budget
"Fellowes Smart Surge Ten-Outlet Protector, Platinum",180.66,Budget
Pyle PMP37LED,191.98,Budget
Clarity 53712,65.99,Budget
Boston 16801 Nautilus Battery Pencil Sharpener,35.216,Budget
"Holmes Replacement Filter for HEPA Air Cleaner, Large Room",23.696,Budget
Zebra GX420t Direct Thermal/Thermal Transfer Printer,265.475,Budget
GBC ProClick Punch Binding System,51.184,Budget
"Adams Telephone Message Books, 5 1/4â? x 11â?",9.664,Budget
Newell 335,11.52,Budget
O'Sullivan 3-Shelf Heavy-Duty Bookcases,186.048,Budget
Fellowes Binding Cases,37.44,Budget
Ibico Plastic and Wire Spiral Binding Combs,26.976,Budget
Acme Preferred Stainless Steel Scissors,11.36,Budget
Avery 486,14.62,Budget
"Linden 10"" Round Wall Clock, Black",48.896,Budget
Maxell DVD-RAM Discs,115.36,Budget
DIXON Oriole Pencils,5.16,Budget
Xerox 202,38.88,Budget
Xerox 1884,39.96,Budget
Acme Box Cutter Scissors,102.3,Budget
Staple magnet,21.36,Budget
Deluxe Chalkboard Eraser Cleaner,23.1,Budget
LogitechÂ MX Performance Wireless Mouse,191.472,Budget
Newell 337,5.248,Budget
"Logitech B530 USBÂ HeadsetÂ -Â headsetÂ - Full size, Binaural",59.184,Budget
Avery 482,2.89,Budget
"Howard Miller 11-1/2"" Diameter Ridgewood Wall Clock",51.94,Budget
Avery 483,15.936,Budget
Large Capacity Hanging Post Binders,44.91,Budget
GBC Ibimaster 500 Manual ProClick Binding System,1141.47,Mid-Range
Southworth 100% Cotton The Best Paper,34.44,Budget
Xerox 1910,192.16,Budget
Logitech G19 Programmable Gaming Keyboard,371.97,Budget
"Acco Pressboard Covers with Storage Hooks, 14 7/8"" x 11"", Light Blue",5.892,Budget
Lock-Up Easel 'Spel-Binder',68.472,Budget
Dax Clear Box Frame,17.46,Budget
Fellowes Black Plastic Comb Bindings,13.944,Budget
Eldon Shelf Savers Cubes and Bins,83.76,Budget
"Anker Ultrathin Bluetooth Wireless Keyboard Aluminum Cover with Stand ",149.95,Budget
"Ampad Poly Cover Wirebound Steno Book, 6"" x 9"" Assorted Colors, Gregg Ruled",4.54,Budget
Fluorescent Highlighters by Dixon,15.92,Budget
Nortel Networks T7316 E Nt8 B27,543.92,Budget
Binding Machine Supplies,70.008,Budget
Staple envelope,15.648,Budget
Things To Do Today Pad,46.96,Budget
Wilson Jones Hanging Recycled Pressboard Data Binders,8.904,Budget
Permanent Self-Adhesive File Folder Labels for Typewriters by Universal,10.44,Budget
Deluxe Heavy-Duty Vinyl Round Ring Binder,18.336,Budget
Xerox 1923,20.04,Budget
Xerox 1931,12.96,Budget
"Bush Westfield Collection Bookcases, Fully Assembled",323.136,Budget
Gear Head AU3700S Headset,90.93,Budget
Wilson Jones Legal Size Ring Binders,52.776,Budget
Polycom CX600 IP Phone VoIP phone,1199.8,Mid-Range
MaxellÂ iVDR EX 500GB Cartridge,1928.78,Mid-Range
Fellowes High-Stak Drawer Files,352.38,Budget
"Lesro Sheffield Collection Coffee Table, End Table, Center Table, Corner Table",99.918,Budget
Acco Perma 4000 Stacking Storage Drawers,12.992,Budget
Maxell 4.7GB DVD-R,85.14,Budget
OtterBox Commuter Series Case - iPhone 5 & 5s,21.99,Budget
Kensington 4 Outlet MasterPiece Compact Power Control Center,406.6,Budget
Xerox 1985,15.552,Budget
Hypercom P1300 Pinpad,252,Budget
"Sanford Prismacolor Professional Thick Lead Art Pencils, 36-Color Set",89.856,Budget
"RSVP Cards & Envelopes, Blank White, 8-1/2"" X 11"", 24 Cards/25 Envelopes/Set",12.192,Budget
"Wirebound Message Books, 2 7/8"" x 5"", 3 Forms per Page",45.056,Budget
JM Magazine Binder,29.718,Budget
Xerox 213,12.96,Budget
Fellowes 8 Outlet Superior Workstation Surge Protector w/o Phone/Fax/Modem Protection,134.48,Budget
"Message Book, Standard Line ""While You Were Out"", 5 1/2"" X 4"", 200 Sets/Book",17.12,Budget
"Acco Pressboard Covers with Storage Hooks, 14 7/8"" x 11"", Dark Blue",6.096,Budget
Standard Rollaway File with Lock,540.57,Budget
"Avery Trapezoid Extra Heavy Duty 4"" Binders",167.76,Budget
Bevis Boat-Shaped Conference Table,393.165,Budget
"Deflect-o RollaMat Studded, Beveled Mat for Medium Pile Carpeting",516.488,Budget
"Riverside Furniture Oval Coffee Table, Oval End Table, End Table with Drawer",2065.32,Mid-Range
Xerox 210,15.552,Budget
Staple-based wall hangings,25.472,Budget
Avery Durable Slant Ring Binders,4.752,Budget
"Universal Ultra Bright White Copier/Laser Paper, 8 1/2"" x 11"", Ream",15.552,Budget
Luxo Professional Combination Clamp-On Lamps,204.6,Budget
Zipper Ring Binder Pockets,6.24,Budget
Avery File Folder Labels,4.608,Budget
Color-Coded Legal Exhibit Labels,9.82,Budget
Xerox 212,12.96,Budget
Computer Printout Paper with Letter-Trim Fine Perforations,191.6,Budget
Office Impressions Heavy Duty Welded Shelving & Multimedia Storage Drawers,501.81,Budget
DAX Black Cherry Wood-Tone Poster Frame,127.104,Budget
Wilson Jones Easy Flow II Sheet Lifters,1.08,Budget
Xerox 188,34.02,Budget
"BIC Brite Liner Grip Highlighters, Assorted, 5/Pack",3.392,Budget
Samsung Galaxy S III - 16GB - pebble blue (T-Mobile),559.984,Budget
"#10- 4 1/8"" x 9 1/2"" Recycled Envelopes",27.968,Budget
Wasp CCD Handheld Bar Code Reader,336.51,Budget
Acco Suede Grain Vinyl Round Ring Binder,1.112,Budget
Bulldog Table or Wall-Mount Pencil Sharpener,17.97,Budget
Xerox 1979,154.9,Budget
Fellowes PB300 Plastic Comb Binding Machine,2715.93,Mid-Range
Laser & Ink Jet Business Envelopes,10.67,Budget
Portable Personal File Box,36.63,Budget
Magna Visual Magnetic Picture Hangers,24.1,Budget
Plantronics CS510 - Over-the-Head monaural Wireless Headset System,2309.65,Mid-Range
Fellowes Super Stor/Drawer Files,484.65,Budget
UniKeep View Case Binders,4.401,Budget
"Eldon Delta Triangular Chair Mat, 52"" x 58"", Clear",151.72,Budget
Project Tote Personal File,14.03,Budget
Enermax Acrylux Wireless Keyboard,99.6,Budget
G.E. Halogen Desk Lamp Bulbs,13.96,Budget
OtterBox Commuter Series Case - Samsung Galaxy S4,124.95,Budget
"Iceberg Mobile Mega Data/Printer Cart ",601.65,Budget
Staples in misc. colors,22.74,Budget
Global Comet Stacking Arm Chair,1267.53,Mid-Range
Cisco SPA525G2 5-Line IP Phone,1379.92,Mid-Range
Peel & Seel Envelopes,6.208,Budget
GBC Plastic Binding Combs,11.808,Budget
Xerox 2,15.552,Budget
Xerox 1935,63.312,Budget
Cyber Acoustics AC-202b Speech Recognition Stereo Headset,15.588,Budget
Cisco SPA508G,197.97,Budget
Avery 514,14.4,Budget
Southworth 25% Cotton Granite Paper & Envelopes,15.696,Budget
Eldon Advantage Chair Mats for Low to Medium Pile Carpets,86.62,Budget
Aluminum Screw Posts,36.624,Budget
Newell 336,23.968,Budget
Staples in misc. colors,28.728,Budget
Maxell 4.7GB DVD+RW 3/Pack,31.86,Budget
"Atlantic Metals Mobile 5-Shelf Bookcases, Custom Colors",722.352,Budget
"Quartet Alpha White Chalk, 12/Pack",8.84,Budget
Belkin F9S820V06 8 Outlet Surge,58.464,Budget
"Global Stack Chair without Arms, Black",254.604,Budget
Eldon Antistatic Chair Mats for Low to Medium Pile Carpets,168.464,Budget
"Important Message Pads, 50 4-1/4 x 5-1/2 Forms per Pad",6.72,Budget
"Howard Miller 12"" Round Wall Clock",282.888,Budget
DIXON Ticonderoga Erasable Checking Pencils,11.16,Budget
Eldon Advantage Foldable Chair Mats for Low Pile Carpets,108.4,Budget
Avery Round Ring Poly Binders,9.088,Budget
Avery Hole Reinforcements,19.936,Budget
"Wilson Jones Ledger-Size, Piano-Hinge Binder, 2"", Blue",65.568,Budget
Stockwell Gold Paper Clips,4.416,Budget
"Super Bands, 12/Pack",10.416,Budget
Plantronics 81402,118.782,Budget
Assorted Color Push Pins,1.448,Budget
"GBC Velobind Prepunched Cover Sets, Regency Series",55.47,Budget
3M Organizer Strips,8.64,Budget
Avery Durable Slant Ring Binders With Label Holder,6.27,Budget
Micropad Numeric Keypads,31.984,Budget
Newell 328,40.88,Budget
Belkin 8 Outlet SurgeMaster II Gold Surge Protector,119.96,Budget
Easy-staple paper,19.92,Budget
"Global High-Back Leather Tilter, Burgundy",1106.91,Mid-Range
Easy-staple paper,26.38,Budget
Ativa V4110MDD Micro-Cut Shredder,4899.93,Premium
Xerox 224,6.48,Budget
Avery 488,3.15,Budget
Innergie mMini Combo Duo USB Travel Charging Kit,71.984,Budget
Stanley Contemporary Battery Pencil Sharpeners,120.15,Budget
AT&T 1080 Corded phone,219.184,Budget
Xerox 1950,28.9,Budget
"Fellowes Mobile File Cart, Black",348.208,Budget
GBC Recycled VeloBinder Covers,35.784,Budget
Hon 4060 Series Tables,447.84,Budget
Newell 326,7.04,Budget
Logitech ClearChat Comfort/USB Headset H390,29.29,Budget
Newell 346,8.64,Budget
"Rediform Wirebound ""Phone Memo"" Message Book, 11 x 5-3/4",22.92,Budget
"GBC Standard Recycled Report Covers, Clear Plastic Sheets",10.78,Budget
Staples,58.368,Budget
"Recycled Interoffice Envelopes with Re-Use-A-Seal Closure, 10 x 13",40.968,Budget
invisibleSHIELD by ZAGG Smudge-Free Screen Protector,71.96,Budget
Xerox 1905,10.368,Budget
"Bush Saratoga Collection 5-Shelf Bookcase, Hanover Cherry, *Special Order",119.833,Budget
"Ampad Evidence Wirebond Steno Books, 6"" x 9""",4.36,Budget
Apple iPhone 5C,699.93,Budget
Newell 351,22.96,Budget
Staple envelope,23.34,Budget
KI Adjustable-Height Table,343.92,Budget
Xerox 1945,40.99,Budget
Avery 502,7.56,Budget
Steel Personal Filing/Posting Tote,85.224,Budget
"Tyvek  Top-Opening Peel & Seel  Envelopes, Gray",287.52,Budget
Xerox 1896,19.98,Budget
Cardinal Slant-D Ring Binders,17.38,Budget
Stockwell Push Pins,8.72,Budget
Star Micronics TSP800 TSP847IIU Receipt Printer,686.32,Budget
Hoover Shoulder Vac Commercial Portable Vacuum,644.076,Budget
Staples,5.84,Budget
Acco Expandable Hanging Binders,12.76,Budget
Shocksock Galaxy S4 Armband,10.95,Budget
Brother DCP1000 Digital 3 in 1 Multifunction Machine,599.98,Budget
"Eldon Regeneration Recycled Desk Accessories, Smoke",8.352,Budget
"Crayola Anti Dust Chalk, 12/Pack",3.64,Budget
"SAFCO Commercial Wire Shelving, 72h",122.48,Budget
"Chromcraft 48"" x 96"" Racetrack Double Pedestal Table",2244.48,Mid-Range
Hon Deluxe Fabric Upholstered Stacking Chairs,195.184,Budget
PowerGen Dual USB Car Charger,9.99,Budget
"Cardinal HOLDit! Binder Insert Strips,Extra Strips",25.32,Budget
"C-Line Cubicle Keepers Polyproplyene Holder w/Velcro Back, 8-1/2x11, 25/Bx",109.48,Budget
Xerox 1996,19.44,Budget
Iris Project Case,31.92,Budget
"Geographics Note Cards, Blank, White, 8 1/2"" x 11""",22.38,Budget
ACCOHIDE Binder by Acco,16.52,Budget
"Avery 3 1/2"" Diskette Storage Pages, 10/Pack",50.112,Budget
Staple-on labels,11.56,Budget
Harbour Creations Steel Folding Chair,172.5,Budget
Wireless Extenders zBoost YX545 SOHO Signal Booster,1322.93,Mid-Range
"OIC #2 Pencils, Medium Soft",3.76,Budget
Sannysis Cute Owl Design Soft Skin Case Cover for Samsung Galaxy S4,7.92,Budget
Peel & Stick Add-On Corner Pockets,12.096,Budget
"Carina 42""Hx23 3/4""W Media Storage Unit",485.88,Budget
Toshiba IPT2010-SD IPÂ Telephone,889.536,Budget
GuestStacker Chair with Chrome Finish Legs,892.224,Budget
Xerox 1924,23.12,Budget
Ultra Door Push Plate,15.712,Budget
Kensington Orbit Wireless Mobile Trackball for PC and Mac,431.928,Budget
Global Chrome Stack Chair,95.984,Budget
"Sauder Facets Collection Locker/File Cabinet, Sky Alder Finish",593.568,Budget
Newell 315,41.86,Budget
Pressboard Data Binders by Wilson Jones,8.544,Budget
Wilson Jones Standard D-Ring Binders,3.036,Budget
"Eldon Expressions Punched Metal & Wood Desk Accessories, Pewter & Cherry",17.024,Budget
Samsung Galaxy Note 2,1931.958,Mid-Range
GE DSL Phone Line Filter,255.936,Budget
Easy-staple paper,40.56,Budget
Carina Media Storage Towers in Natural & Black,182.94,Budget
Fellowes Econo/Stor Drawers,193.86,Budget
SANFORD Liquid Accent Tank-Style Highlighters,5.68,Budget
"Blue String-Tie & Button Interoffice Envelopes, 10 x 13",79.96,Budget
Canon Imageclass D680 Copier / Fax,839.988,Budget
24-Hour Round Wall Clock,47.952,Budget
Eldon Radial Chair Mat for Low to Medium Pile Carpets,63.968,Budget
"Eldon Image Series Desk Accessories, Ebony",12.35,Budget
Sanford 52201 APSCO Electric Pencil Sharpener,40.97,Budget
Samsung Replacement EH64AVFWE Premium Headset,22,Budget
GBC DocuBind P100 Manual Binding Machine,398.352,Budget
Fashion Color Clasp Envelopes,48.69,Budget
Hon Non-Folding Utility Tables,764.688,Budget
Bestar Classic Bookcase,254.9745,Budget
Staples in misc. colors,38.82,Budget
Office Star - Contemporary Swivel Chair with Padded Adjustable Arms and Flex Back,1141.938,Mid-Range
Sanford Pocket Accent Highlighters,3.2,Budget
Mitel MiVoice 5330e IP Phone,1099.96,Mid-Range
Westinghouse Clip-On Gooseneck Lamps,6.696,Budget
Howard Miller Distant Time Traveler Alarm Clock,43.872,Budget
Tennsco Double-Tier Lockers,540.048,Budget
Wilson SignalBoost 841262 DB PRO Amplifier Kit,863.88,Budget
"XtraLife ClearVue Slant-D Ring Binder, White, 3""",17.616,Budget
Pencil and Crayon Sharpener,6.57,Budget
"Ampad Phone Message Book, Recycled, 400 Message Capacity, 5 Â¾â? x 11â?",12.48,Budget
Fellowes Bankers Box Stor/Drawer Steel Plus,102.336,Budget
"Performers Binder/Pad Holder, Black",44.848,Budget
Office Star Flex Back Scooter Chair with White Frame,388.43,Budget
Logitech G13 Programmable Gameboard with LCD Display,63.992,Budget
Panasonic KP-380BK Classic Electric Pencil Sharpener,86.352,Budget
Memorex Froggy Flash Drive 4 GB,32.97,Budget
"Maxell 74 Minute CD-R Spindle, 50/Pack",83.88,Budget
Geemarc AmpliPOWER60,278.4,Budget
Avery 48,15.12,Budget
Avery Arch Ring Binders,17.43,Budget
Xerox 1915,251.64,Budget
Avery Reinforcements for Hole-Punch Pages,2.772,Budget
Colorific Watercolor Pencils,15.48,Budget
BIC Liqua Brite Liner,20.82,Budget
"ACCOHIDE 3-Ring Binder, Blue, 1""",13.216,Budget
Xerox 1973,114.2,Budget
Sauder Cornerstone Collection Library,61.96,Budget
"Westinghouse Floor Lamp with Metal Mesh Shade, Black",23.99,Budget
Blue Parrot B250XT Professional Grade Wireless BluetoothÂ HeadsetÂ with,419.944,Budget
Belkin 6 Outlet Metallic Surge Strip,21.78,Budget
Hon Valutask Swivel Chairs,161.568,Budget
Avery 517,3.69,Budget
Avery 477,122.12,Budget
"Eureka Recycled Copy Paper 8 1/2"" x 11"", Ream",38.88,Budget
"Seth Thomas 12"" Clock w/ Goldtone Case",183.84,Budget
Memorex Froggy Flash Drive 8 GB,14.2,Budget
Acco 6 Outlet Guardian Premium Surge Suppressor,72.8,Budget
Avoid Verbal Orders Carbonless Minifold Book,10.816,Budget
Fellowes Presentation Covers for Comb Binding Machines,17.46,Budget
Panasonic KP-310 Heavy-Duty Electric Pencil Sharpener,87.92,Budget
"Holmes Cool Mist Humidifier for the Whole House with 8-Gallon Output per Day, Extended Life Filter",7.96,Budget
"SAFCO Commercial Wire Shelving, Black",552.56,Budget
Tensor Computer Mounted Lamp,29.78,Budget
Polycom SoundPoint IP 450 VoIP phone,677.58,Budget
"Rediform S.O.S. 1-Up Phone Message Bk, 4-1/4x3-1/16 Bk, 1 Form/Pg, 40 Messages/Bk, 3/Pk",75.04,Budget
Cisco CP-7937G Unified IP Conference Station Phone,695.7,Budget
Boston 16701 Slimline Battery Pencil Sharpener,47.82,Budget
Avery 494,13.05,Budget
"Memo Book, 100 Message Capacity, 5 3/8â? x 11â?",47.18,Budget
Newell 35,19.68,Budget
Wilson Jones 14 Line Acrylic Coated Pressboard Data Binders,53.4,Budget
Avery Non-Stick Heavy Duty View Round Locking Ring Binders,35.88,Budget
Hanging Personal Folder File,31.4,Budget
Xerox 1909,79.14,Budget
"Leather Task Chair, Black",145.568,Budget
"It's Hot Message Books with Stickers, 2 3/4"" x 5""",23.68,Budget
Digium D40 VoIP phone,309.576,Budget
DYMO CardScan Personal V9 Business Card Scanner,95.994,Budget
Case Logic 2.4GHz Wireless Keyboard,239.952,Budget
Logitech Desktop MK120 Mouse and keyboard Combo,49.08,Budget
"Pressboard Data Binder, Crimson, 12"" X 8 1/2""",17.088,Budget
"Lesro Round Back Collection Coffee Table, End Table",912.75,Budget
Hoover WindTunnel Plus Canister Vacuum,1089.75,Mid-Range
Xerox 1934,447.84,Budget
Newell 329,16.4,Budget
Panasonic KX T7731-B Digital phone,399.96,Budget
"Safco Wire Cube Shelving System, For Use as 4 or 5 14"" Cubes, Black",158.9,Budget
White Computer Printout Paper by Universal,348.84,Budget
Revere Boxed Rubber Bands by Revere,9.45,Budget
Ames Color-File Green Diamond Border X-ray Mailers,167.96,Budget
"Bevis Oval Conference Table, Walnut",652.45,Budget
Hon 61000 Series Interactive Training Tables,66.645,Budget
"Acco PRESSTEX Data Binder with Storage Hooks, Light Blue, 9 1/2"" X 11""",17.216,Budget
Xerox 217,6.48,Budget
"Bush Andora Conference Table, Maple/Graphite Gray Finish",205.176,Budget
Xerox 189,419.4,Budget
KI Adjustable-Height Table,154.764,Budget
Panasonic KP-150 Electric Pencil Sharpener,75.48,Budget
GBC Recycled Regency Composition Covers,334.768,Budget
"DAX Executive Solid Wood Document Frame, Desktop or Hang, Mahogany, 5 x 7",37.74,Budget
ShoreTel ShorePhone IP 230 VoIP phone,946.344,Budget
Petty Cash Envelope,86.272,Budget
3M Replacement Filter for Office Air Cleaner for 20' x 33' Room,60.672,Budget
Samsung Rugby III,263.96,Budget
"Acco Four Pocket Poly Ring Binder with Label Holder, Smoke, 1""",29.8,Budget
Canvas Sectional Post Binders,152.76,Budget
Strathmore Photo Mount Cards,33.9,Budget
Xerox 203,31.104,Budget
Plantronics Audio 995 Wireless Stereo Headset,263.88,Budget
Storex Dura Pro Binders,29.7,Budget
Xerox 1948,39.96,Budget
Global Super Steno Chair,470.302,Budget
OtterBox Defender Series Case - Samsung Galaxy S4,47.984,Budget
Wilson Jones Suede Grain Vinyl Binders,2.502,Budget
OtterBox Defender Series Case - iPhone 5c,88.752,Budget
Wilson Jones DublLock D-Ring Binders,2.025,Budget
Surelock Post Binders,91.68,Budget
Hewlett-Packard Deskjet 3050a All-in-One Color Inkjet Printer,3040,Premium
Ibico Plastic Spiral Binding Combs,91.2,Budget
"Iceberg OfficeWorks 42"" Round Tables",452.94,Budget
DAX Wood Document Frame,27.46,Budget
Wilson Jones Heavy-Duty Casebound Ring Binders with Metal Hinges,55.424,Budget
Global Executive Mid-Back Manager's Chair,872.94,Budget
Xerox 1946,12.96,Budget
Newell 320,6.848,Budget
"Eldon Image Series Desk Accessories, Burgundy",6.688,Budget
Newell 340,17.28,Budget
Avery 506,28.91,Budget
Xerox 192,25.92,Budget
HP Office Recycled Paper (20Lb. and 87 Bright),40.46,Budget
X-Rack File for Hanging Folders,33.87,Budget
Xerox 199,3.424,Budget
WD My Passport Ultra 500GB Portable External Hard Drive,177,Budget
Staples,3.76,Budget
Cisco IP Phone 7961G-GE VoIP phone,1212.848,Mid-Range
Logitech Trackman Marble Mouse,89.97,Budget
"Adams Telephone Message Book W/Dividers/Space For Phone Numbers, 5 1/4""X8 1/2"", 300/Messages",5.88,Budget
Acco Perma 3000 Stacking Storage Drawers,16.784,Budget
Xerox 197,223.056,Budget
"iKross Bluetooth Portable Keyboard + Cell Phone Stand Holder + Brush for Apple iPhone 5S 5C 5, 4S 4",33.52,Budget
Hon 2111 Invitation Series Corner Table,1004.976,Mid-Range
Lexmark X 9575 Professional All-in-One Color Printer,396,Budget
Ibico Covers for Plastic or Wire Binding Elements,34.5,Budget
Newell 325,16.52,Budget
Xerox 1970,19.92,Budget
12 Colored Short Pencils,4.16,Budget
"Master Caster Door Stop, Large Neon Orange",11.648,Budget
Rubber Band Ball,26.18,Budget
Loose Memo Sheets,7.3,Budget
Xerox 1988,74.352,Budget
"Neat Ideas Personal Hanging Folder Files, Black",10.744,Budget
Belkin OmniView SE Rackmount Kit,212.88,Budget
"Rogers Jumbo File, Granite",40.74,Budget
"Commercial WindTunnel Clean Air Upright Vacuum, Replacement Belts, Filtration Bags",11.67,Budget
Eldon Wave Desk Accessories,8.32,Budget
"Tenex Personal Self-Stacking Standard File Box, Black/Gray",27.056,Budget
Hoover Commercial Soft Guard Upright Vacuum And Disposable Filtration Bags,9.324,Budget
Avery 481,21.56,Budget
Newell 310,5.28,Budget
Staple envelope,9.344,Budget
Newell 319,79.36,Budget
Avery 518,18.9,Budget
Sensible Storage WireTech Storage Systems,354.9,Budget
Kingston Digital DataTraveler 16GB USB 2.0,21.48,Budget
GBC Imprintable Covers,8.784,Budget
Newell 347,12.84,Budget
Pastel Pink Envelopes,21.84,Budget
Belkin F8E887 USB Wired Ergonomic Keyboard,29.99,Budget
ARKON Windshield Dashboard Air Vent Car Mount Holder,40.68,Budget
Xerox 1949,4.98,Budget
"Conquest 14 Commercial Heavy-Duty Upright Vacuum, Collection System, Accessory Kit",170.88,Budget
Xerox 1886,143.7,Budget
"Acco Clips to Go Binder Clips, 24 Clips in Two Sizes",10.65,Budget
"Dixon Ticonderoga Erasable Colored Pencil Set, 12-Color",33.488,Budget
Pyle PRT45 Retro HomeÂ Telephone,201.568,Budget
Spiral Phone Message Books with Labels by Adams,13.44,Budget
Sauder Inglewood Library Bookcases,359.058,Budget
Xerox 1901,16.896,Budget
Acme Elite Stainless Steel Scissors,6.672,Budget
"Tenex 46"" x 60"" Computer Anti-Static Chairmat, Rectangular Shaped",211.96,Budget
Prang Drawing Pencil Set,6.672,Budget
"BOSTON Ranger #55 Pencil Sharpener, Black",155.94,Budget
Newell 307,5.46,Budget
Panasonic KP-4ABK Battery-Operated Pencil Sharpener,73.2,Budget
Avery Binder Labels,9.336,Budget
VTech DS6151,201.584,Budget
V7 USB Numeric Keypad,83.976,Budget
Peel-Off China Markers,29.79,Budget
Acco Perma 2700 Stacking Storage Drawers,59.48,Budget
"Wirebound Message Books, Four 2 3/4 x 5 White Forms per Page",6.69,Budget
"GE 48"" Fluorescent Tube, Cool White Energy Saver, 34 Watts, 30/Box",198.46,Budget
Micro Innovations USB RF Wireless Keyboard with Mouse,50,Budget
"Stacking Tray, Side-Loading, Legal, Smoke",17.92,Budget
Smead Adjustable Mobile File Trolley with Lockable Top,1006.056,Mid-Range
Jawbone MINI JAMBOX Wireless Bluetooth Speaker,438.336,Budget
Weyerhaeuser First Choice Laser/Copy Paper (20Lb. and 88 Bright),19.44,Budget
Canon PC940 Copier,3149.93,Premium
Multicolor Computer Printout Paper,209.7,Budget
"Brites Rubber Bands, 1 1/2 oz. Box",3.168,Budget
Catalog Binders with Expanding Posts,121.104,Budget
Grandstream GXP2100 Mainstream Business Phone,45.894,Budget
Xerox 1940,109.92,Budget
Xerox 1986,13.36,Budget
Binder Clips by OIC,2.96,Budget
"Wilson Jones 1"" Hanging DublLock Ring Binders",8.448,Budget
RCA Visys Integrated PBX 8-Line Router,160.776,Budget
GBC VeloBind Cover Sets,13.896,Budget
Colored Push Pins,4.344,Budget
Logitech G105 Gaming Keyboard,94.992,Budget
Xerox 1925,74.352,Budget
QVS USB Car Charger 2-Port 2.1Amp for iPod/iPhone/iPad/iPad 2/iPad 3,16.68,Budget
DAX Natural Wood-Tone Poster Frame,42.368,Budget
StarTech.com 10/100 VDSL2 Ethernet Extender Kit,399.54,Budget
"Acco Smartsocket Table Surge Protector, 6 Color-Coded Adapter Outlets",99.28,Budget
GBC ProClick Spines for 32-Hole Punch,7.518,Budget
Memorex Mini Travel Drive 4 GB USB 2.0 Flash Drive,13.616,Budget
Memorex Micro Travel Drive 16 GB,63.96,Budget
Avery 497,21.56,Budget
Staples,12.35,Budget
Avery 500,43.86,Budget
"""While you Were Out"" Message Book, One Form per Page",7.42,Budget
Rediform Voice Mail Log Books,14.304,Budget
O'Sullivan Manor Hill 2-Door Library in Brianna Oak,307.666,Budget
Nu-Dell Float Frame 11 x 14 1/2,35.92,Budget
Logitech G600 MMO Gaming Mouse,255.968,Budget
"Sauder Facets Collection Library, Sky Alder Finish",359.058,Budget
Avanti 4.4 Cu. Ft. Refrigerator,434.352,Budget
Hoover Replacement Belt for Commercial Guardsman Heavy-Duty Upright Vacuum,3.552,Budget
Fellowes Advanced 8 Outlet Surge Suppressor with Phone/Fax Protection,88.832,Budget
"SAFCO PlanMaster Heigh-Adjustable Drafting Table Base, 43w x 30d x 30-37h, Black",1048.35,Mid-Range
White GlueTop Scratch Pads,96.256,Budget
Holmes HEPA Air Purifier,34.848,Budget
"TRENDnet 56K USB 2.0 Phone, Internet and Fax Modem",129.45,Budget
Xerox 231,20.736,Budget
Easy-staple paper,10.272,Budget
Hon 2111 Invitation Series Straight Table,206.962,Budget
Xerox 1962,8.56,Budget
Wilson Electronics DB Pro Signal Booster,1718.4,Mid-Range
"Sauder Camden County Barrister Bookcase, Planked Cherry Finish",411.332,Budget
"DXL Angle-View Binders with Locking Rings, Black",28.752,Budget
"Sauder Camden County Collection Libraries, Planked Cherry Finish",293.199,Budget
Advantus Panel Wall Certificate Holder - 8.5x11,109.8,Budget
Avery 478,9.82,Budget
"Acco Data Flex Cable Posts For Top & Bottom Load Binders, 6"" Capacity",20.86,Budget
Recycled Steel Personal File for Standard File Folders,497.61,Budget
Blackstonian Pencils,5.34,Budget
Xerox 1919,368.91,Budget
Tops Wirebound Message Log Books,6.58,Budget
AT&T CL82213,86.97,Budget
MaxellÂ LTO Ultrium - 800 GB,139.95,Budget
Office Star - Professional Matrix Back Chair with 2-to-1 Synchro Tilt and Mesh Fabric Seat,2807.84,Mid-Range
"Hunt BOSTON Vista Battery-Operated Pencil Sharpener, Black",46.64,Budget
GE 30522EE2,347.97,Budget
"Ink Jet Note and Greeting Cards, 8-1/2"" x 5-1/2"" Card Size",53.952,Budget
Logitech Wireless Marathon Mouse M705,79.984,Budget
Mediabridge Sport Armband iPhone 5s,69.93,Budget
DAX Cubicle Frames - 8x10,16.156,Budget
Xerox 1929,54.816,Budget
Avery 501,7.38,Budget
Avery 513,9.96,Budget
Harmony Air Purifier,75.6,Budget
"Electrix Incandescent Magnifying Lamp, Black",29.32,Budget
Honeywell Enviracaire Portable Air Cleaner for up to 8 x 10 Room,92.064,Budget
"Global Stack Chair with Arms, Black",62.958,Budget
Xerox 206,5.184,Budget
"Seth Thomas 14"" Day/Date Wall Clock",22.784,Budget
Samsung Galaxy S4 Mini,1127.976,Mid-Range
Apple iPhone 5,779.796,Budget
Polycom VVX 310 VoIP phone,1439.92,Mid-Range
Bady BDG101FRU Card Printer,1439.982,Mid-Range
Xerox 1998,36.288,Budget
Honeywell Quietcare HEPA Air Cleaner,62.92,Budget
Hon Olson Stacker Stools,140.81,Budget
"Dana Fluorescent Magnifying Lamp, White, 36""",40.784,Budget
Flat Face Poster Frame,37.68,Budget
"Multi-Use Personal File Cart and Caster Set, Three Stacking Bins",34.76,Budget
Xerox 1981,26.4,Budget
Tops White Computer Printout Paper,97.82,Budget
Staples in misc. colors,14.52,Budget
"Wilson Jones Elliptical Ring 3 1/2"" Capacity Binders, 800 sheets",34.24,Budget
Classic Ivory AntiqueÂ TelephoneÂ ZL1810,100.49,Budget
"Sauder Forest Hills Library with Doors, Woodland Oak Finish",257.568,Budget
"Executive Impressions 8-1/2"" Career Panel/Partition Cubicle Clock",24.96,Budget
Jabra SPEAK 410 Multidevice Speakerphone,370.782,Budget
Xerox 211,31.104,Budget
Tennsco Industrial Shelving,78.256,Budget
Newell 334,99.2,Budget
"Hon 30"" x 60"" Table with Locking Drawer",272.848,Budget
Safco Drafting Table,70.98,Budget
Staple envelope,29.34,Budget
Avery 510,6,Budget
Ultra Door Pull Handle,31.56,Budget
Avery Hi-Liter Fluorescent Desk Style Markers,3.38,Budget
"IBM Multi-Purpose Copy Paper, 8 1/2 x 11"", Case",24.784,Budget
Newell 309,34.65,Budget
GBC DocuBind TL300 Electric Binding System,1793.98,Mid-Range
Jiffy Padded Mailers with Self-Seal Closure,29.808,Budget
GBC DocuBind 200 Manual Binding Machine,505.176,Budget
"SKILCRAFT Telephone Shoulder Rest, 2"" x 6.5"" x 2.5"", Black",14.78,Budget
Global Comet Stacking Armless Chair,478.48,Budget
Pressboard Hanging Data Binders for Unburst Sheets,2.952,Budget
Hand-Finished Solid Wood Document Frame,136.92,Budget
"DAX Charcoal/Nickel-Tone Document Frame, 5 x 7",18.96,Budget
Xerox 1891,273.896,Budget
Hewlett-Packard Deskjet 5550 Printer,597.132,Budget
Avery 474,4.608,Budget
Panasonic KX T7736-B Digital phone,299.9,Budget
GBC DocuBind TL200 Manual Binding Machine,895.92,Budget
Global Commerce Series Low-Back Swivel/Tilt Chairs,462.564,Budget
Staple magnet,15.008,Budget
Cisco SPA 502G IP Phone,863.64,Budget
Avaya 4621SW VoIP phone,177.48,Budget
Xerox 214,6.48,Budget
Motorola Moto X,271.992,Budget
O'Sullivan 2-Shelf Heavy-Duty Bookcases,145.74,Budget
Enermax Briskie RF Wireless Keyboard and Mouse Combo,166.16,Budget
GBC Twin Loop Wire Binding Elements,19.968,Budget
"Perma STOR-ALL Hanging File Box, 13 1/8""W x 12 1/4""D x 10 1/2""H",33.488,Budget
BIC Brite Liner Grip Highlighters,4.92,Budget
WD My Passport Ultra 2TB Portable External Hard Drive,238,Budget
"Holmes Replacement Filter for HEPA Air Cleaner, Medium Room",33.99,Budget
ImationÂ Clip USBÂ flash driveÂ - 8 GB,112.8,Budget
Newell 3-Hole Punched Plastic Slotted Magazine Holders for Binders,13.71,Budget
Acco 6 Outlet Guardian Standard Surge Suppressor,24.18,Budget
"Acme Hot Forged Carbon Steel Scissors with Nickel-Plated Handles, 3 7/8"" Cut, 8""L",69.5,Budget
Avery Heavy-Duty EZD View Binder with Locking Rings,5.104,Budget
Belkin Standard 104 key USB Keyboard,35.016,Budget
Avaya IP Phone 1140E VoIP phone,1394.95,Mid-Range
"Global Wood Trimmed Manager's Task Chair, Khaki",545.88,Budget
Newell 321,5.248,Budget
Jabra Supreme Plus Driver EditionÂ Headset,479.96,Budget
Binder Posts,17.22,Budget
Bevis Round Conference Table Top & Single Column Base,1024.38,Mid-Range
"#10- 4 1/8"" x 9 1/2"" Recycled Envelopes",26.22,Budget
Xerox 1978,17.34,Budget
"Eldon Spacemaker Box, Quick-Snap Lid, Clear",5.344,Budget
Plymouth Boxed Rubber Bands by Plymouth,11.304,Budget
3.6 Cubic Foot Counter Height Office Refrigerator,294.62,Budget
"O'Sullivan Elevations Bookcase, Cherry Finish",183.372,Budget
Eldon ProFile File 'N Store Portable File Tub Letter/Legal Size Black,46.344,Budget
Southworth Parchment Paper & Envelopes,13.08,Budget
"Tennsco Lockers, Sand",104.9,Budget
Xerox 1922,11.952,Budget
GBC Personal VeloBind Strips,57.504,Budget
Novimex Fabric Task Chair,341.488,Budget
"Master Big Foot Doorstop, Beige",25.344,Budget
Microsoft Wireless Mobile Mouse 4000,199.95,Budget
Staples,11.34,Budget
"Letter/Legal File Tote with Clear Snap-On Lid, Black Granite",80.3,Budget
"Avery Framed View Binder, EZD Ring (Locking), Navy, 1 1/2""",15.968,Budget
Xerox 1952,64.74,Budget
"Fellowes Twister Kit, Gray/Clear, 3/pkg",19.296,Budget
Plantronics Audio 478 Stereo USB Headset,199.96,Budget
Hon 94000 Series Round Tables,710.832,Budget
Anker Ultra-Slim Mini Bluetooth 3.0 Wireless Keyboard,59.97,Budget
"Plantronics CS 50-USB -Â headsetÂ - Convertible, Monaural",761.544,Budget
Computer Printout Paper with Letter-Trim Perforations,106.232,Budget
Avery 52,18.45,Budget
Translucent Push Pins by OIC,3.96,Budget
Avery 507,5.76,Budget
Newell 349,13.12,Budget
GBC DocuBind P50 Personal Binding Machine,511.84,Budget
Boston KS Multi-Size Manual Pencil Sharpener,91.96,Budget
Tennsco 6- and 18-Compartment Lockers,636.408,Budget
Newell 308,5.04,Budget
Polycom SoundStation2 EX ConferenceÂ phone,1295.84,Mid-Range
Mobile Personal File Cube,46.84,Budget
DMI Eclipse Executive Suite Bookcases,425.833,Budget
Quality Park Security Envelopes,104.68,Budget
"Belkin SportFit Armband For iPhone 5s/5c, Fuchsia",62.958,Budget
"DataProducts Ampli Magnifier Task Lamp, Black,",64.944,Budget
Acco 6 Outlet Guardian Basic Surge Suppressor,33.28,Budget
"Sanford Colorific Scented Colored Pencils, 12/Pack",38.52,Budget
"Message Book, Phone, Wirebound Standard Line Memo, 2 3/4"" X 5""",19.65,Budget
Motorla HX550 Universal Bluetooth Headset,94.92,Budget
"Eldon Expressions Wood Desk Accessories, Oak",14.76,Budget
Acme Office Executive Series Stainless Steel Trimmers,17.14,Budget
"Chromcraft Bull-Nose Wood 48"" x 96"" Rectangular Conference Tables",991.764,Budget
Spigen Samsung Galaxy S5 Case Wallet,84.95,Budget
Newell 33,17.856,Budget
Panasonic KP-350BK Electric Pencil Sharpener with Auto Stop,34.58,Budget
Array Memo Cubes,8.288,Budget
Wilson Jones data.warehouse D-Ring Binders with DublLock,19.752,Budget
Xerox 1982,45.68,Budget
Hon Mobius Operator's Chair,442.764,Budget
Fellowes Mighty 8 Compact Surge Protector,60.81,Budget
Harmony HEPA Quiet Air Purifiers,35.1,Budget
"Howard Miller 16"" Diameter Gallery Wall Clock",191.82,Budget
"Boston Model 1800 Electric Pencil Sharpener, Gray",67.56,Budget
Polycom SoundPoint Pro SE-225 Corded phone,832.93,Budget
Euro-Pro Shark Turbo Vacuum,167.292,Budget
"Metal Folding Chairs, Beige, 4/Carton",108.608,Budget
Nontoxic Chalk,2.816,Budget
Xerox 1991,54.816,Budget
"Atlantic Metals Mobile 2-Shelf Bookcases, Custom Colors",72.294,Budget
Fellowes Advanced Computer Series Surge Protectors,52.98,Budget
Recycled Steel Personal File for Hanging File Folders,228.92,Budget
HTC One,319.968,Budget
Manco Dry-Lighter Erasable Highlighter,24.32,Budget
Fiskars Home & Office Scissors,44.4,Budget
Eldon Cleatmat Chair Mats for Medium Pile Carpets,44.4,Budget
Avery Self-Adhesive Photo Pockets for Polaroid Photos,38.136,Budget
Xerox 1959,13.36,Budget
Kensington 6 Outlet MasterPiece HOMEOFFICE Power Control Center,541.44,Budget
Wi-Ex zBoost YX540 Cellular Phone Signal Booster,437.85,Budget
"Wirebound Message Books, Four 2 3/4"" x 5"" Forms per Page, 600 Sets per Book",18.54,Budget
Logitech diNovo Edge Keyboard,499.98,Budget
Xerox 1989,7.968,Budget
Xerox 1984,12.96,Budget
Xerox 227,6.48,Budget
Fellowes Bases and Tops For Staxonsteel/High-Stak Systems,199.74,Budget
Deflect-o Glass Clear Studded Chair Mats,435.26,Budget
Canon PC1060 Personal Laser Copier,1119.984,Mid-Range
Bevis Round Conference Room Tables and Bases,143.432,Budget
Staple holder,60.69,Budget
Xerox 1965,14.352,Budget
Bionaire 99.97% HEPA Air Cleaner,35.04,Budget
"Eureka Sanitaire  Multi-Pro Heavy-Duty Upright, Disposable Bags",17.48,Budget
Balt Solid Wood Round Tables,892.98,Budget
Plantronics MX500i Earset,42.95,Budget
Logitech G35 7.1-Channel Surround Sound Headset,389.97,Budget
ImationÂ SecureÂ DriveÂ + Hardware Encrypted USBÂ flash driveÂ - 16 GB,265.93,Budget
Wausau Papers Astrobrights Colored Envelopes,14.352,Budget
Tenex Antistatic Computer Chair Mats,547.136,Budget
"REDIFORM Incoming/Outgoing Call Register, 11"" X 8 1/2"", 100 Messages",41.7,Budget
Tripp Lite Isotel 6 Outlet Surge Protector with Fax/Modem Protection,426.79,Budget
Xerox 1994,25.92,Budget
Nu-Dell Executive Frame,63.2,Budget
Belkin 5 Outlet SurgeMaster Power Centers,490.32,Budget
Insertable Tab Indexes For Data Binders,1.272,Budget
Satellite Sectional Post Binders,69.456,Budget
Memorex Micro Travel Drive 32 GB,36.51,Budget
Lexmark S315 Color Inkjet Printer,239.976,Budget
Xerox 1926,34.86,Budget
Xerox 1918,155.04,Budget
SpineVue Locking Slant-D Ring Binders by Cardinal,13.71,Budget
"Eureka The Boss Lite 10-Amp Upright Vacuum, Blue",160.32,Budget
"Global Leather & Oak Executive Chair, Burgundy",120.712,Budget
"Rubbermaid ClusterMat Chairmats, Mat Size- 66"" x 60"", Lip 20"" x 11"" -90 Degree Angle",532.704,Budget
"Dixon Ticonderoga Maple Cedar Pencil, #2",4.912,Budget
Acco Hot Clips Clips to Go,2.632,Budget
Acme Kleencut Forged Steel Scissors,9.184,Budget
Xerox 1951,49.568,Budget
Acco Smartsocket Color-Coded Six-Outlet AC Adapter Model Surge Protectors,176.04,Budget
Staples in misc. colors,16.02,Budget
Clearsounds A400,211.168,Budget
Hewlett Packard 310 Color Digital Copier,479.984,Budget
Staples,7.86,Budget
Recycled Premium Regency Composition Covers,24.448,Budget
Xerox 219,6.48,Budget
Xerox 1903,41.86,Budget
LogitechÂ VX Revolution Cordless Laser Mouse for Notebooks (Black),1619.91,Mid-Range
O'Sullivan Plantations 2-Door Library in Landvery Oak,956.6648,Budget
Panasonic KX-TG9541B DECT 6.0 Digital 2-Line Expandable Cordless Phone With Digital Answering System,359.976,Budget
Panasonic KX MB2061 Multifunction Printer,2396.4,Mid-Range
Razer Kraken 7.1 Surround Sound Over Ear USB Gaming Headset,99.99,Budget
Hon Rectangular Conference Tables,273.06,Budget
Computer Printout Index Tabs,1.344,Budget
GBC Wire Binding Combs,8.272,Budget
"Iceberg Nesting Folding Chair, 19w x 6d x 43h",366.786,Budget
Honeywell Enviracaire Portable HEPA Air Cleaner for 16' x 20' Room,826.11,Budget
Bevis Rectangular Conference Tables,145.98,Budget
Ampad #10 Peel & Seel Holiday Envelopes,26.88,Budget
Cardinal Holdit Data Disk Pockets,29.12,Budget
Avery 496,18.75,Budget
"Black Print Carbonless Snap-Off Rapid Letter, 8 1/2"" x 7""",9.11,Budget
Xerox 23,32.4,Budget
Eldon Pizzaz Desk Accessories,14.272,Budget
Global Deluxe High-Back Office Chair in Storm,217.584,Budget
Kensington K72356US Mouse-in-a-Box USB Desktop Mouse,82.95,Budget
Avery 50,87.71,Budget
Fiskars Spring-Action Scissors,11.184,Budget
Anker 24W Portable Micro USB Car Charger,35.168,Budget
"SAFCO Mobile Desk Side File, Wire Frame",85.52,Budget
Newell 313,9.84,Budget
Jawbone JAMBOX Wireless Bluetooth Speaker,631.96,Budget
Xerox 1895,23.92,Budget
"#10 White Business Envelopes,4 1/8 x 9 1/2",37.608,Budget
High Speed Automatic Electric Letter Opener,8187.65,Premium
Belkin 8 Outlet Surge Protector,32.784,Budget
Panasonic KX TS3282B Corded phone,196.776,Budget
"Tennsco Snap-Together Open Shelving Units, Starter Sets and Add-On Units",1117.92,Mid-Range
Avery 49,20.16,Budget
Hoover Upright Vacuum With Dirt Cup,868.59,Budget
Maxell 4.7GB DVD-RW 3/Pack,25.488,Budget
Avery Non-Stick Binders,17.96,Budget
Nortel Meridian M5316 Digital phone,155.37,Budget
"Bush Westfield Collection Bookcases, Dark Cherry Finish",173.94,Budget
"3M Polarizing Task Lamp with Clamp Arm, Light Gray",821.88,Budget
HTC One Mini,705.544,Budget
Dell Slim USB Multimedia Keyboard,50,Budget
Contemporary Wood/Metal Frame,51.712,Budget
O'Sullivan Living Dimensions 3-Shelf Bookcases,1406.86,Mid-Range
KeyTronicÂ KT800P2 -Â KeyboardÂ - Black,15.02,Budget
GBC Standard Plastic Binding Systems' Combs,25.12,Budget
Holmes Harmony HEPA Air Purifier for 17 x 20 Room,675.12,Budget
"GE General Use Halogen Bulbs, 100 Watts, 1 Bulb per Pack",62.82,Budget
Macally Suction Cup Mount,155.35,Budget
Eldon Image Series Black Desk Accessories,12.42,Budget
"Executive Impressions 14""",22.23,Budget
"Executive Impressions 12"" Wall Clock",14.136,Budget
Bretford CR8500 Series Meeting Room Furniture,601.47,Budget
Hammermill CopyPlus Copy Paper (20Lb. and 84 Bright),14.94,Budget
Panasonic KX MC6040 Color Laser Multifunction Printer,1349.85,Mid-Range
Berol Giant Pencil Sharpener,16.99,Budget
KeyTronicÂ KT400U2 -Â KeyboardÂ - Black,24.672,Budget
Avery 498,5.78,Budget
Canon imageCLASS 2200 Advanced Copier,11199.968,Premium
Epson TM-T88V Direct Thermal Printer - Monochrome - Desktop,652.995,Budget
Accohide Poly Flexible Ring Binders,11.22,Budget
SAFCO Optional Arm Kit for Workspace Cribbage Stacking Chair,42.624,Budget
Stackable Trays,4.928,Budget
"TOPS Voice Message Log Book, Flash Format",19.04,Budget
Boston 1730 StandUp Electric Pencil Sharpener,64.14,Budget
"GBC Laser Imprintable Binding System Covers, Desert Sand",42.81,Budget
Xerox 2000,12.96,Budget
Green Bar Computer Printout Paper,164.88,Budget
"Global Adaptabilites Bookcase, Cherry/Storm Gray Finish",1292.94,Mid-Range
"GBC Pre-Punched Binding Paper, Plastic, White, 8-1/2"" x 11""",25.584,Budget
Google Nexus 5,1979.89,Mid-Range
Global Italian Leather Office Chair,785.88,Budget
Advantus Motivational Note Cards,26.2,Budget
"Avery Flip-Chart Easel Binder, Black",89.52,Budget
I.R.I.S IRISCard Anywhere 5 Card Scanner,350.973,Budget
"Ativa D5772 2-Line 5.8GHz Digital Expandable Corded/Cordless Phone System with Answering & Caller ID/Call Waiting, Black/Silver",164.99,Budget
Ibico Presentation Index for Binding Systems,3.98,Budget
"Adams ""While You Were Out"" Message Pads",15.7,Budget
"Wirebound Four 2-3/4 x 5 Forms per Page, 400 Sets per Book",15.48,Budget
AT&T 17929 Lendline Telephone,108.576,Budget
Hewlett-Packard Deskjet 6540 Color Inkjet Printer,821.3,Budget
Cisco TelePresence System EX90 Videoconferencing Unit,22638.48,Premium
Avery Fluorescent Highlighter Four-Color Set,8.016,Budget
Xerox 1944,116.28,Budget
Xerox 215,19.44,Budget
Xerox 1885,192.16,Budget
"Computer Room Manger, 14""",227.36,Budget
Plantronics Voyager Pro HD - Bluetooth Headset,129.98,Budget
AT&T EL51110 DECT,377.97,Budget
BlackBerry Q10,377.97,Budget
Compact Automatic Electric Letter Opener,477.24,Budget
SanDisk Ultra 16 GB MicroSDHC Class 10 Memory Card,25.98,Budget
SanDisk Cruzer 8 GB USB Flash Drive,27.168,Budget
"Hon Deluxe Fabric Upholstered Stacking Chairs, Squared Back",585.552,Budget
Advantus Rolling Drawer Organizers,423.28,Budget
Maxell 4.7GB DVD-R 5/Pack,0.99,Budget
GBC Plasticlear Binding Covers,10.332,Budget
Plastic Stacking Crates & Casters,8.928,Budget
Belkin F9M820V08 8 Outlet Surge,34.384,Budget
APC 7 Outlet Network SurgeArrest Surge Protector,32.192,Budget
Maxell 4.7GB DVD+R 5/Pack,2.376,Budget
Anker Astro Mini 3000mAh Ultra-Compact Portable Charger,23.988,Budget
Advantus Map Pennant Flags and Round Head Tacks,7.9,Budget
Xerox 1953,25.68,Budget
Xerox 228,12.96,Budget
"Advantus Employee of the Month Certificate Frame, 11 x 13-1/2",185.58,Budget
Xerox 1954,33.792,Budget
Embossed Ink Jet Note Cards,108.336,Budget
Xerox 1942,78.304,Budget
"Carina Mini System Audio Rack, Model AR050B",443.92,Budget
Xerox 201,19.44,Budget
"Eldon Expressions Punched Metal & Wood Desk Accessories, Black & Cherry",56.28,Budget
"GE 4 Foot Flourescent Tube, 40 Watt",14.98,Budget
Nokia Lumia 925,377.97,Budget
Staple remover,31.92,Budget
Dana Swing-Arm Lamps,17.088,Budget
"Wirebound Message Books, Four 2 3/4 x 5 Forms per Page, 200 Sets per Book",23.85,Budget
Xerox 1969,11.56,Budget
"Eldon 200 Class Desk Accessories, Smoke",69.08,Budget
"Dual Level, Single-Width Filing Carts",310.12,Budget
Xerox 1971,8.56,Budget
Staple envelope,41.4,Budget
Boston 16750 Black Compact Battery Pencil Sharpener,35,Budget
"Eberhard Faber 3 1/2"" Golf Pencils",5.952,Budget
"Tenex Carpeted, Granite-Look or Clear Contemporary Contour Shape Chair Mats",70.71,Budget
Global Highback Leather Tilter in Burgundy,90.99,Budget
"Executive Impressions 13-1/2"" Indoor/Outdoor Wall Clock",18.7,Budget
"Eldon 400 Class Desk Accessories, Black Carbon",26.25,Budget
"Wilson Jones Clip & Carry Folder Binder Tool for Ring Binders, Clear",64.96,Budget
Harbour Creations 67200 Series Stacking Chairs,113.888,Budget
"Tenex V2T-RE Standard Weight Series Chair Mat, 45"" x 53"", Lip 25"" x 12""",113.568,Budget
Samsung Galaxy Mega 6.3,671.984,Budget
"DAX Two-Tone Rosewood/Black Document Frame, Desktop, 5 x 7",18.96,Budget
Xerox 198,15.936,Budget
"Safco Chair Connectors, 6/Carton",188.552,Budget
Xerox 1997,20.736,Budget
Eldon Expressions Mahogany Wood Desk Collection,24.96,Budget
Stacking Trays by OIC,3.984,Budget
Epson Perfection V600 Photo Scanner,206.991,Budget
Durable Pressboard Binders,19,Budget
Kensington 7 Outlet MasterPiece Power Center with Fax/Phone Line Protection,207.48,Budget
Alliance Rubber Bands,5.04,Budget
"SlimView Poly Binder, 3/8""",8.288,Budget
"Boston Electric Pencil Sharpener, Model 1818, Charcoal Black",56.3,Budget
DAX Clear Channel Poster Frame,29.16,Budget
#10 Self-Seal White Envelopes,22.18,Budget
Hon Pagoda Stacking Chairs,2054.272,Mid-Range
Newell 339,13.9,Budget
36X48 HARDFLOOR CHAIRMAT,41.96,Budget
Anderson Hickey Conga Table Tops & Accessories,24.368,Budget
Apple EarPods with Remote and Mic,83.97,Budget
"Perixx PERIBOARD-512B, Ergonomic Split Keyboard",104.97,Budget
Logitech Wireless Headset H600 Over-The-Head Design,214.95,Budget
Xerox 230,45.36,Budget
Eldon Econocleat Chair Mats for Low Pile Carpets,124.41,Budget
Vtech CS6719,671.93,Budget
Xerox 194,166.44,Budget
"Bush Cubix Collection Bookcases, Fully Assembled",220.98,Budget
"Universal Recycled Hanging Pressboard Report Binders, Letter Size",12.957,Budget
Xerox 1980,25.68,Budget
Strathmore Photo Frame Cards,21.93,Budget
Okidata C331dn Printer,837.6,Budget
"Seth Thomas 8 1/2"" Cubicle Clock",48.672,Budget
Xerox 1907,49.12,Budget
G.E. Longer-Life Indoor Recessed Floodlight Bulbs,13.28,Budget
Panasonic KX TS3282W Corded phone,67.992,Budget
"Global Leather and Oak Executive Chair, Black",963.136,Budget
Cubify CubeX 3D Printer Double Head Print,1799.994,Mid-Range
Ibico Ibimaster 300 Manual Binding System,735.98,Budget
Wilson Jones Impact Binders,5.18,Budget
Newell 34,59.52,Budget
Polycom CX300 Desktop Phone USB VoIP phone,239.984,Budget
Boston 1799 Powerhouse Electric Pencil Sharpener,181.86,Budget
Staple envelope,74.352,Budget
Wilson Jones Four-Pocket Poly Binders,20.928,Budget
Sterilite Show Offs Storage Containers,12.672,Budget
"Alliance Super-Size Bands, Assorted Sizes",23.34,Budget
"BlueLounge Milo Smartphone Stand, White/Metallic",95.968,Budget
Avery White Multi-Purpose Labels,39.84,Budget
Logitech G500s Laser Gaming Mouse with Adjustable Weight Tuning,349.95,Budget
Letter or Legal Size Expandable Poly String Tie Envelopes,12.768,Budget
Stiletto Hand Letter Openers,15.36,Budget
Tennsco Commercial Shelving,32.544,Budget
Samsung HM1900 Bluetooth Headset,122.92,Budget
Cisco SPA112 2 Port Phone Adapter,219.8,Budget
Col-Erase Pencils with Erasers,18.24,Budget
Xerox 221,20.736,Budget
Plantronics Encore H101 Dual EarpiecesÂ Headset,44.95,Budget
Disposable Triple-Filter Dust Bags,13.11,Budget
Memorex Mini Travel Drive 64 GB USB 2.0 Flash Drive,36.24,Budget
Fellowes Powershred HS-440 4-Sheet High Security Shredder,1704.89,Mid-Range
Motorola Droid Maxx,539.964,Budget
Xerox 1893,262.336,Budget
Kensington Expert Mouse Optical USB Trackball for PC or Mac,227.976,Budget
"Master Caster Door Stop, Gray",2.032,Budget
Tenex Chairmats For Use with Hard Floors,129.92,Budget
"Acco Flexible ACCOHIDE Square Ring Data Binder, Dark Blue, 11 1/2"" X 14"" 7/8""",117.144,Budget
Fellowes Command Center 5-outlet power strip,203.52,Budget
"Rush Hierlooms Collection 1"" Thick Stackable Bookcases",435.999,Budget
"Barricks 18"" x 48"" Non-Folding Utility Table with Bottom Storage Shelf",70.56,Budget
"Executive Impressions 10"" Spectator Wall Clock",35.28,Budget
"Hon Metal Bookcases, Putty",141.96,Budget
Xerox 1900,10.272,Budget
OIC Stacking Trays,24.048,Budget
"Global Armless Task Chair, Royal Blue",384.174,Budget
Eldon Executive Woodline II Cherry Finish Desk Accessories,65.424,Budget
"Message Book, Wirebound, Four 5 1/2"" X 4"" Forms/Pg., 200 Dupl. Sets/Book",32.896,Budget
"Tenex Traditional Chairmats for Hard Floors, Average Lip, 36"" x 48""",128.9,Budget
Polycom VoiceStation 500 ConferenceÂ phone,471.92,Budget
"Binney & Smith inkTank Desk Highlighter, Chisel Tip, Yellow, 12/Box",5.16,Budget
"Speediset Carbonless Redi-Letter 7"" x 8 1/2""",16.496,Budget
Xerox 204,45.36,Budget
KeyTronicÂ E03601U1 -Â KeyboardÂ - Beige,72,Budget
Imation Bio 2GB USBÂ Flash Drive ImationÂ Corp,655.9,Budget
"Hon Metal Bookcases, Black",193.0656,Budget
"Bush Birmingham Collection Bookcase, Dark Cherry",825.174,Budget
AT&T 1080 Phone,657.552,Budget
Avery Metallic Poly Binders,45.84,Budget
Ativa MDM8000 8-Sheet Micro-Cut Shredder,287.968,Budget
Acco 6 Outlet Guardian Premium Plus Surge Suppressor,29.312,Budget
Smead Alpha-Z Color-Coded Name Labels First Letter Starter Set,30,Budget
Ooma Telo VoIP Home Phone System,604.752,Budget
"Telephone Message Books with Fax/Mobile Section, 4 1/4"" x 6""",11.52,Budget
Xerox 200,12.96,Budget
Staples in misc. colors,104.8,Budget
Akro Stacking Bins,7.89,Budget
Rosewill 107 Normal Keys USB Wired Standard Keyboard,64.704,Budget
PayAnywhere Card Reader,63.936,Budget
Xerox 1882,89.568,Budget
Boston Home & Office Model 2000 Electric Pencil Sharpeners,47.3,Budget
Newell 31,4.13,Budget
"Premium Transparent Presentation Covers, No Pattern/Clear, 8 1/2"" x 11""",155.12,Budget
Acme Kleen Earth Office Shears,15.52,Budget
"Maxell Pro 80 Minute CD-R, 10/Pack",104.88,Budget
ImationÂ SwivelÂ Flash DriveÂ USBÂ flash driveÂ - 8 GB,9.096,Budget
Acrylic Self-Standing Desk Frames,6.408,Budget
"Elite 5"" Scissors",33.8,Budget
Acco Side-Punched Conventional Columnar Pads,13.88,Budget
Avery 492,11.52,Budget
Adjustable Personal File Tote,39.072,Budget
"Avery 05222 Permanent Self-Adhesive File Folder Labels for Typewriters, on Rolls, White, 250/Roll",12.39,Budget
Prismacolor Color Pencil Set,79.36,Budget
Sharp 1540cs Digital Laser Copier,439.992,Budget
"Eldon Regeneration Recycled Desk Accessories, Black",15.488,Budget
Eldon File Chest Portable File,79.4,Budget
"Verbatim Slim CD and DVD Storage Cases, 50/Pack",11.54,Budget
Letter Slitter,5.04,Budget
Samsung Galaxy S4 Active,499.99,Budget
Office Star - Mid Back Dual function Ergonomic High Back Chair with 2-Way Adjustable Arms,563.43,Budget
"Acco Banker's Clasps, 5 3/4""-Long",6.912,Budget
Logitech Wireless Anywhere Mouse MX for PC and Mac,335.944,Budget
Acco Economy Flexible Poly Round Ring Binder,3.132,Budget
Balt Split Level Computer Training Table,333,Budget
Dixon Ticonderoga Core-Lock Colored Pencils,36.44,Budget
SAFCO Folding Chair Trolley,102.592,Budget
"Office Star - Contemporary Task Swivel chair with Loop Arms, Charcoal",523.92,Budget
Avery 515,25.06,Budget
"TOPS 4 x 6 Fluorescent Color Memo Sheets, 500 Sheets per Pack",18.98,Budget
Things To Do Today Spiral Book,19.008,Budget
Logitech Illuminated Ultrathin Keyboard with Backlighting,170.97,Budget
Serrated Blade or Curved Handle Hand Letter Openers,6.28,Budget
Ibico EB-19 Dual Function Manual Binding System,691.96,Budget
"Eldon 300 Class Desk Accessories, Black",4.95,Budget
Logitech G430 Surround Sound Gaming Headset with Dolby 7.1 Technology,447.944,Budget
LG Exalt,124.792,Budget
GBC Poly Designer Binding Covers,40.176,Budget
Economy #2 Pencils,10.64,Budget
"Eldon ""L"" Workstation Diamond Chairmat",151.96,Budget
"DAX Copper Panel Document Frame, 5 x 7 Size",40.256,Budget
"Maxell 74 Minute CDR, 10/Pack",48.9,Budget
Micro Innovations Wireless Classic Keyboard with Mouse,47.984,Budget
"Bush Heritage Pine Collection 5-Shelf Bookcase, Albany Pine Finish, *Special Order",352.45,Budget
LG G3,470.376,Budget
Riverleaf Stik-Withit Designer Note Cubes,16.096,Budget
HP Office Paper (20Lb. and 87 Bright),26.72,Budget
"Binney & Smith inkTank Erasable Pocket Highlighter, Chisel Tip, Yellow",5.472,Budget
Staple envelope,28.752,Budget
RCA ViSYS 25423RE1 Corded phone,159.984,Budget
3M Polarizing Light Filter Sleeves,44.76,Budget
Newell 348,7.872,Budget
Xerox 1928,42.24,Budget
"Eldon Expressions Wood and Plastic Desk Accessories, Oak",39.92,Budget
Black & Decker Filter for Double Action Dustbuster Cordless Vac BLDV7210,41.95,Budget
"Ultra Door Kickplate, 8""H x 34""W",79.12,Budget
Boston 1900 Electric Pencil Sharpener,14.98,Budget
WD My Passport Ultra 1TB Portable External Hard Drive,345,Budget
Canon PC170 Desktop Personal Copier,287.91,Budget
"Memorex 25GB 6X Branded Blu-Ray Recordable Disc, 15/Pack",101.94,Budget
"Howard Miller 11-1/2"" Diameter Brentwood Wall Clock",474.43,Budget
Xerox 1890,97.88,Budget
Jackery Bar Premium Fast-charging Portable Charger,95.84,Budget
"Permanent Self-Adhesive File Folder Labels for Typewriters, 1 1/8 x 3 1/2, White",55.44,Budget
Prang Drawing Pencil Set,20.016,Budget
Cisco IPÂ PhoneÂ 7961G VoIPÂ phoneÂ - Dark gray,978.84,Budget
"Hon Metal Bookcases, Gray",638.82,Budget
Ibico EPK-21 Electric Binding System,9449.95,Premium
"Holmes Visible Mist Ultrasonic Humidifier with 2.3-Gallon Output per Day, Replacement Filter",2.264,Budget
Rush Hierlooms Collection Rich Wood Bookcases,160.98,Budget
Kingston Digital DataTraveler 8GB USB 2.0,19.04,Budget
"HP Designjet T520 Inkjet Large Format Printer - 24"" Color",2624.985,Mid-Range
Newell 338,8.82,Budget
Global Enterprise Series Seating High-Back Swivel/Tilt Chairs,433.568,Budget
O'Sullivan 5-Shelf Heavy-Duty Bookcases,81.94,Budget
Hammermill Color Copier Paper (28Lb. and 96 Bright),9.99,Budget
Xerox 1990,21.12,Budget
Xerox 1933,24.56,Budget
"Green Canvas Binder for 8-1/2"" x 14"" Sheets",128.4,Budget
Park Ridge Embossed Executive Business Envelopes,62.28,Budget
"Safco Value Mate Steel Bookcase, Baked Enamel Finish on Steel, Black",482.664,Budget
Cisco Desktop Collaboration Experience DX650 IP Video Phone,385.8,Budget
Howard Miller 12-3/4 Diameter Accuwave DS  Wall Clock,94.428,Budget
Xerox 1975,15.552,Budget
Newell 323,9.408,Budget
"Boston 1827 Commercial Additional Cutter, Drive Gear & Gear Rack for 1606",19.83,Budget
Staple holder,43.92,Budget
"Mead 1st Gear 2"" Zipper Binder, Asst. Colors",11.673,Budget
"3D Systems Cube Printer, 2nd Generation, Magenta",9099.93,Premium
Avery 487,3.69,Budget
Hewlett-Packard Deskjet D4360 Printer,447.968,Budget
DAX Wood Document Frame.,82.38,Budget
Xerox 208,15.552,Budget
Memorex Micro Travel Drive 4 GB,50.88,Budget
#6 3/4 Gummed Flap White Envelopes,7.92,Budget
DAX Two-Tone Silver Metal Document Frame,60.72,Budget
Easy-staple paper,111.96,Budget
Avery 503,51.75,Budget
Holmes 99% HEPA Air Purifier,103.968,Budget
O'Sullivan Cherrywood Estates Traditional Barrister Bookcase,384.944,Budget
SANFORD Major Accent Highlighters,11.328,Budget
Hon 4-Shelf Metal Bookcases,302.94,Budget
Global Adaptabilities Conference Tables,842.94,Budget
Newell 316,27.384,Budget
Fellowes Staxonsteel Drawer Files,965.85,Budget
Avery Hi-Liter Smear-Safe Highlighters,29.2,Budget
"Inter-Office Recycled Envelopes, Brown Kraft, Button-String,10"" x 13"" , 100/Box",43.96,Budget
Xerox 1992,14.352,Budget
Riverside Furniture Stanwyck Manor Table Series,344.22,Budget
Fellowes Recycled Storage Drawers,333.09,Budget
Xerox 190,24.9,Budget
Xerox 1892,116.28,Budget
Seidio BD2-HK3IPH5-BK DILEX Case and Holster Combo for Apple iPhone 5/5s - Black,173.656,Budget
"TOPS ""Important Message"" Pads, Canary, 4-1/4 x 5-1/2, 50 Sheets per Pad",21.4,Budget
"24 Capacity Maxi Data Binder Racks, Pearl",1347.52,Mid-Range
Southworth 25% Cotton Premium Laser Paper and Envelopes,99.9,Budget
Multimedia Mailers,325.86,Budget
Avery 5,5.76,Budget
Jensen SMPS-640 -Â speaker phone,110.352,Budget
"Master Caster Door Stop, Large Brown",36.4,Budget
Fellowes Desktop Hanging File Manager,26.86,Budget
Xerox 1956,65.78,Budget
Nu-Dell Oak Frame,25.632,Budget
GBC Therma-A-Bind 250T Electric Binding System,590.352,Budget
Document Clip Frames,25.02,Budget
"Hoover Replacement Belts For Soft Guard & Commercial Ltweight Upright Vacs, 2/Pk",7.9,Budget
Xerox 1937,153.728,Budget
"DAX Cubicle Frames, 8-1/2 x 11",17.14,Budget
Sauder Camden County Collection Library,586.398,Budget
Canon PC-428 Personal Copier,1599.92,Mid-Range
Office Star - Ergonomic Mid Back Chair with 2-Way Adjustable Arms,579.136,Budget
Xerox 1917,440.19,Budget
SanDisk Cruzer 16 GB USB Flash Drive,27.552,Budget
ImationÂ 30456 USBÂ Flash DriveÂ 8GB,82.8,Budget
Panasonic KX TS208W Corded phone,440.91,Budget
Xerox 19,61.96,Budget
SanDisk Cruzer 4 GB USB Flash Drive,15.576,Budget
AmazonBasics 3-Button USB Wired Mouse,22.368,Budget
14-7/8 x 11 Blue Bar Computer Printout Paper,115.296,Budget
"Tyvek Interoffice Envelopes, 9 1/2"" x 12 1/2"", 100/Box",182.94,Budget
Kleencut Forged Office Shears by Acme United Corporation,6.24,Budget
"Avery Triangle Shaped Sheet Lifters, Black, 2/Pack",1.476,Budget
Logitech Keyboard K120,58.08,Budget
Dixon Ticonderoga Pencils,4.768,Budget
"DAX Contemporary Wood Frame with Silver Metal Mat, Desktop, 11 x 14 Size",48.576,Budget
Texas Instrument TI-15 Fraction Calculator,30.345,Budget
"Deflect-o EconoMat Nonstudded, No Bevel Mat",464.85,Budget
OIC Thumb-Tacks,1.824,Budget
"Sanford EarthWrite Recycled Pencils, Medium Soft, #2",4.2,Budget
PNY Rapid USB Car Charger - Black,9.588,Budget
Hon Every-Day Chair Series Swivel Task Chairs,254.058,Budget
"SmartStand Mobile Device Holder, Assorted Colors",16.776,Budget
Belkin 8-Outlet Premiere SurgeMaster II Surge Protectors,69.48,Budget
Staples,18.864,Budget
Euro Pro Shark Stick Mini Vacuum,48.784,Budget
Easy-staple paper,56.7,Budget
Astroparche Fine Business Paper,10.56,Budget
Zebra ZM400 Thermal Label Printer,2321.9,Mid-Range
Letter Size File,222.32,Budget
Dexim XPower Skin Super-Thin Power Case for iPhone 5 - Black,210.564,Budget
Samsung Galaxy S4,1502.376,Mid-Range
Office Star Flex Back Scooter Chair with Aluminum Finish Frame,302.67,Budget
Samsung Convoy 3,466.158,Budget
"Eldon ImÃ ge Series Desk Accessories, Clear",17.496,Budget
Avery 491,3.304,Budget
Xerox 209,19.44,Budget
"Peel & Seel Recycled Catalog Envelopes, Brown",23.16,Budget
Avanti 1.7 Cu. Ft. Refrigerator,706.86,Budget
Acme Design Stainless Steel Bent Scissors,13.68,Budget
"Barricks Non-Folding Utility Table with Steel Legs, Laminate Tops",136.464,Budget
Hewlett-Packard 300S Scientific Calculator,52.44,Budget
Avery 495,50.4,Budget
iOttie HLCRIO102 Car Mount,39.98,Budget
"Avery Hi-Liter GlideStik Fluorescent Highlighter, Yellow Ink",13.04,Budget
EcoTones Memo Sheets,8,Budget
Xerox 1906,85.056,Budget
Texas Instruments TI-34 Scientific Calculator,105.552,Budget
Kingston Digital DataTraveler 64GB USB 2.0,101.34,Budget
GBC VeloBinder Strips,15.36,Budget
Xerox 1963,26.4,Budget
LogitechÂ Z-906 Speaker sys - home theater - 5.1-CH,1649.95,Mid-Range
"Sanyo Counter Height Refrigerator with Crisper, 3.6 Cubic Foot, Stainless Steel/Black",1640.7,Mid-Range
Luxo Adjustable Task Clamp Lamp,213.216,Budget
Unpadded Memo Slips,6.368,Budget
Barrel Sharpener,10.71,Budget
Acco Glide Clips,19.6,Budget
"Bush Cubix Conference Tables, Fully Assembled",1478.272,Mid-Range
"Office Star - Contemporary Task Swivel chair with 2-way adjustable arms, Plum",419.136,Budget
"SAFCO PlanMaster Boards, 60w x 37-1/2d, White Melamine",455.97,Budget
Xerox 20,6.48,Budget
"HP Officejet Pro 8600 e-All-In-One Printer, Copier, Scanner, Fax",209.986,Budget
"Black Print Carbonless 8 1/2"" x 8 1/4"" Rapid Memo Book",17.472,Budget
Lunatik TT5L-002 Taktik Strike Impact Protection System for iPhone 5,36.738,Budget
"Iris 3-Drawer Stacking Bin, Black",83.56,Budget
Panasonic BusinessÂ TelephonesÂ KX-T7736,546.06,Budget
Hunt Boston Vacuum Mount KS Pencil Sharpener,55.984,Budget
Portfile Personal File Boxes,14.16,Budget
"Belkin 19"" Center-Weighted Shelf, Gray",117.96,Budget
Hon Comfortask Task/Swivel Chairs,273.552,Budget
"Career Cubicle Clock, 8 1/4"", Black",60.84,Budget
"Peel & Seel Recycled Catalog Envelopes, Brown",57.9,Budget
Boston 16765 Mini Stand Up Battery Pencil Sharpener,18.656,Budget
Avery 475,44.4,Budget
"Vtech AT&T CL2940 Corded Speakerphone, Black",71.976,Budget
Tenex B1-RE Series Chair Mats for Low Pile Carpets,91.96,Budget
Griffin GC17055 Auxiliary Audio Cable,57.568,Budget
Rogers Profile Extra Capacity Storage Tub,83.7,Budget
RCA ViSYS 25825 Wireless digital phone,415.968,Budget
Xerox 1914,109.92,Budget
Xerox 1902,45.68,Budget
Acme Titanium Bonded Scissors,25.5,Budget
Xerox 207,20.736,Budget
Socket Bluetooth Cordless Hand Scanner (CHS),506.28,Budget
Okidata B400 Printer,343.2,Budget
"LogitechÂ Wireless Boombox Speaker - portable - wireless, wired",212.8,Budget
Xiaomi Mi3,2279.96,Mid-Range
Xerox 1947,11.96,Budget
Sony Micro Vault Click 4 GB USB 2.0 Flash Drive,167.28,Budget
Xerox 193,23.92,Budget
iOttie XL Car Mount,79.96,Budget
Hoover Commercial Lightweight Upright Vacuum with E-Z Empty Dirt Cup,465.16,Budget
First Data TMFD35 PIN Pad,428.4,Budget
Ultra Commercial Grade Dual Valve Door Closer,63.824,Budget
Contemporary Borderless Frame,25.83,Budget
"3D Systems Cube Printer, 2nd Generation, White",1039.992,Mid-Range
Panasonic KX - TS880B Telephone,41.22,Budget
"Acco Recycled 2"" Capacity Laser Printer Hanging Data Binders",23.12,Budget
Xerox 1936,47.952,Budget
Avery Legal 4-Ring Binder,6.294,Budget
Avaya 5410 Digital phone,122.382,Budget
"TOPS Money Receipt Book, Consecutively Numbered in Red,",56.07,Budget
Desktop 3-Pocket Hot File,216.4,Budget
Wirebound Voice Message Log Book,3.808,Budget
Konica Minolta magicolor 1690MF Multifunction Printer,319.92,Budget
"Linden 12"" Wall Clock With Oak Frame",101.94,Budget
Tensor Brushed Steel Torchiere Floor Lamp,67.96,Budget
Ricoh - Ink Collector Unit for GX3000 Series Printers,83.9,Budget
"Wirebound Message Forms, Four 2 3/4 x 5 Forms per Page, Pink Paper",16.34,Budget
Avery 479,7.83,Budget
Okidata C610n Printer,1362.9,Mid-Range
Xerox 229,38.88,Budget
Acme Galleria Hot Forged Steel Scissors with Colored Handles,37.752,Budget
Nu-Dell EZ-Mount Plastic Wall Frames,7.88,Budget
Tensor Track Tree Floor Lamp,127.936,Budget
Hon Olson Stacker Chairs,1059.12,Mid-Range
Belkin 7-Outlet SurgeMaster Home Series,5.588,Budget
Griffin GC36547 PowerJolt SE Lightning Charger,13.494,Budget
Deflect-o DuraMat Antistatic Studded Beveled Mat for Medium Pile Carpeting,84.272,Budget
Cherry 142-key Programmable Keyboard,479.72,Budget
Motorola L703CM,623.96,Budget
NeatDesk Desktop Scanner & Digital Filing System,479.988,Budget
Hoover Commercial Lightweight Upright Vacuum,1.392,Budget
Xerox 1976,15.552,Budget
"Stride Job 150 Highlighters, Chisel Tip, Assorted Colors",17.94,Budget
"Black Avery Memo-Size 3-Ring Binder, 5 1/2"" x 8 1/2""",5.872,Budget
Xerox 1983,5.98,Budget
"Tenex Chairmat w/ Average Lip, 45"" x 53""",756.8,Budget
"Brother MFC-9340CDW LED All-In-One Printer, Copier Scanner",341.991,Budget
Avery 484,9.216,Budget
Electrix Fluorescent Magnifier Lamps & Weighted Base,315.776,Budget
Okidata C610n Printer,649,Budget
Space Solutions Industrial Galvanized Steel Shelving.,126.08,Budget
Staples in misc. colors,2.48,Budget
Plantronics Single Ear Headset,29.925,Budget
Zebra GK420t Direct Thermal/Thermal Transfer Printer,703.71,Budget
"Tensor ""Hersey Kiss"" Styled Floor Lamp",38.97,Budget
Memorex Mini Travel Drive 32 GB USB 2.0 Flash Drive,160,Budget
Hoover Commercial SteamVac,40.74,Budget
Xerox 1938,268.24,Budget
NETGEAR RangeMax WNR1000 Wireless Router,59.976,Budget
Xerox 1899,18.496,Budget
Hewlett-Packard Desktjet 6988DT Refurbished Printer,3404.5,Premium
"Bush Westfield Collection Bookcases, Dark Cherry Finish, Fully Assembled",90.882,Budget
"Executive Impressions 16-1/2"" Circular Wall Clock",26.72,Budget
Okidata MB760 Printer,3357.6,Premium
"Dixon Ticonderoga Core-Lock Colored Pencils, 48-Color Set",175.44,Budget
"Executive Impressions 14"" Contract Wall Clock with Quartz Movement",44.46,Budget
Sterling Rubber Bands by Alliance,15.072,Budget
Kensington 6 Outlet SmartSocket Surge Protector,122.94,Budget
Maxell CD-R Discs,7.88,Budget
Avery Hi-Liter Pen Style Six-Color Fluorescent Set,7.7,Budget
"Acme Design Line 8"" Stainless Steel Bent Scissors w/Champagne Handles, 3-1/8"" Cut",27.36,Budget
Star Micronics TSP100 TSP143LAN Receipt Printer,1035.8,Mid-Range
Xerox 1955,91.36,Budget
"Snap-A-Way Black Print Carbonless Speed Message, No Reply Area, Duplicate",93.248,Budget
"1/4 Fold Party Design Invitations & White Envelopes, 24 8-1/2"" X 11"" Cards, 25 Env./Pack",44.1,Budget
Hewlett-Packard Deskjet F4180 All-in-One Color Ink-jet - Printer / copier / scanner,101.994,Budget
Lexmark 20R1285 X6650 Wireless All-in-One Printer,480,Budget
Nokia Lumia 1020,1439.968,Mid-Range
Acme Serrated Blade Letter Opener,7.632,Budget
Okidata B401 Printer,179.991,Budget
Xerox Blank Computer Paper,99.9,Budget
4009 Highlighters,8.04,Budget
Global Enterprise Series Seating Low-Back Swivel/Tilt Chairs,207.184,Budget
Self-Adhesive Address Labels for Typewriters with Dispenser Box,20.664,Budget
Office Star - Task Chair with Contemporary Loop Arms,163.764,Budget
Grip Seal Envelopes,7.072,Budget
Penpower WorldCard Pro Card Scanner,91.475,Budget
Sony 8GB Class 10 Micro SDHC R40 Memory Card,27.192,Budget
RCA ViSYS 25425RE1 Corded phone,323.976,Budget
Cisco 8961 IP Phone Charcoal,224.937,Budget
"Eureka Hand Vacuum, Bagless",197.72,Budget
LG G2,1499.97,Mid-Range
Eldon Jumbo ProFile Portable File Boxes Graphite/Black,36.744,Budget
